vendor_guid,object_type,title,description,display_name,calculation_method,calculation_int,workflow_state,parent_guids,ratings,,,,,,,,,
LE-LS1-2,group,LS1-2,Develop and use a model to illustrate the hierarchical organization of interacting systems that provide specific functions within multicellular organisms.,,,,active,,,,,,,,,,,
LE-LS1-2.1,outcome,LS1-2.1,"Identify the levels of biological organization in multicellular organisms (cells, tissues, organs, organ systems, organism). [DOK 1; Priority (on the unit test); Unit 1.1]","I can name the levels of organization in an organism, from cells to the whole organism.",decaying_average,65,active,LE-LS1-2,4,Advanced,3,Proficient,2,Developing,1,Beginning,0,No Evidence
LE-LS1-2.2,outcome,LS1-2.2,"Recognize that all living things are made of cells, the basic unit of structure and function. [DOK 1; Priority (on the unit test); Unit 1.1]","I can state that all living things are made of cells, the basic unit of structure and function.",decaying_average,65,active,LE-LS1-2,4,Advanced,3,Proficient,2,Developing,1,Beginning,0,No Evidence
LE-LS1-2.3,outcome,LS1-2.3,"Describe how each level is composed of the level below it (cells form tissues, tissues form organs, organs form organ systems). [DOK 2; Priority (on the unit test); Unit 1.1]",I can describe how each level is built from the level below it.,decaying_average,65,active,LE-LS1-2,4,Advanced,3,Proficient,2,Developing,1,Beginning,0,No Evidence
LE-LS1-2.4,outcome,LS1-2.4,"Explain how the structure at each level relates to the specific function it performs, and how systems interact to keep the organism functioning. [DOK 2; Priority (on the unit test); Unit 1.1]","I can explain how a part's structure fits its job, and how an organism's systems work together.",decaying_average,65,active,LE-LS1-2,4,Advanced,3,Proficient,2,Developing,1,Beginning,0,No Evidence
LE-LS1-2.5,outcome,LS1-2.5,"Use a model or diagram to illustrate how interacting systems work together to carry out a specific function (e.g., nutrient uptake, water delivery, movement in response to stimuli). [DOK 2; Priority (on the unit test); Unit 1.1]","I can use a model to show how an organism's systems work together to do one job, like moving.",decaying_average,65,active,LE-LS1-2,4,Advanced,3,Proficient,2,Developing,1,Beginning,0,No Evidence
LE-LS1-2.6,outcome,LS1-2.6,Develop a model that illustrates the hierarchical organization of interacting systems that provide specific functions within a multicellular organism. [DOK 3; Priority (on the unit test); Unit 1.1],I can build my own model showing how levels and systems in an organism work together to carry out functions.,decaying_average,65,active,LE-LS1-2,4,Advanced,3,Proficient,2,Developing,1,Beginning,0,No Evidence
LE-LS1-3,group,LS1-3,Taught in Unit 1.1: Organization in Organisms (CP: Cells to Organisms).,,,,active,,,,,,,,,,,
LE-LS1-3.1,outcome,LS1-3.1,"Describe how a negative feedback loop (stimulus, response) keeps a body condition within a steady range, and how positive feedback differs by pushing a change further. [DOK 2; Supporting (taught and practiced, not on the unit test); Unit 1.1]",I can describe how negative feedback keeps a body condition steady and how positive feedback differs.,decaying_average,65,active,LE-LS1-3,4,Advanced,3,Proficient,2,Developing,1,Beginning,0,No Evidence
LE-LS1-3.2,outcome,LS1-3.2,"Use data from an investigation, such as heart rate before and after exercise, as evidence that a feedback mechanism returns a condition toward normal. [DOK 2; Supporting (taught and practiced, not on the unit test); Unit 1.1]","I can use data, like heart rate after exercise, to show feedback bringing the body back to normal.",decaying_average,65,active,LE-LS1-3,4,Advanced,3,Proficient,2,Developing,1,Beginning,0,No Evidence
LE-LS1-3.3,outcome,LS1-3.3,"Plan and conduct an investigation to provide evidence that feedback mechanisms maintain homeostasis. [DOK 3; Supporting (taught and practiced, not on the unit test); Unit 1.1]",I can carry out an investigation that shows feedback keeping the body in balance.,decaying_average,65,active,LE-LS1-3,4,Advanced,3,Proficient,2,Developing,1,Beginning,0,No Evidence
LE-LS1-4,group,LS1-4,Taught in Unit 1.1: Organization in Organisms (CP: Cells to Organisms).,,,,active,,,,,,,,,,,
LE-LS1-4.1,outcome,LS1-4.1,"Describe that cell division (mitosis) makes new cells with the same DNA, for growth and repair. [DOK 1; Supporting (taught and practiced, not on the unit test); Unit 1.1]","I can describe how cell division makes new cells with the same DNA, for growth and repair.",decaying_average,65,active,LE-LS1-4,4,Advanced,3,Proficient,2,Developing,1,Beginning,0,No Evidence
LE-LS1-4.2,outcome,LS1-4.2,"Explain that cells with the same DNA become specialized (differentiation) by using different genes, and so form different tissues, without the mechanisms of gene control. [DOK 2; Supporting (taught and practiced, not on the unit test); Unit 1.1]",I can explain that cells with the same DNA specialize by using different genes.,decaying_average,65,active,LE-LS1-4,4,Advanced,3,Proficient,2,Developing,1,Beginning,0,No Evidence
LE-LS1-4.3,outcome,LS1-4.3,"Use a model to illustrate the role of cellular division (mitosis) and differentiation in producing and maintaining complex organisms. [DOK 2; Supporting (taught and practiced, not on the unit test); Unit 1.1]",I can use a model to show how cell division and specialization build and maintain a body.,decaying_average,65,active,LE-LS1-4,4,Advanced,3,Proficient,2,Developing,1,Beginning,0,No Evidence
LE-LS2-5,group,LS2-5,"Develop a model to illustrate the role of photosynthesis and cellular respiration in the cycling of carbon among the biosphere, atmosphere, hydrosphere, and geosphere.",,,,active,,,,,,,,,,,
LE-LS2-5.1,outcome,LS2-5.1,"Identify the four spheres and where carbon is stored in each: carbon dioxide in air, dissolved carbon in water, living and dead matter, and rock and fossil fuels. [DOK 1; Priority (on the unit test); Unit 1.2]",I can name the four spheres and where carbon is stored in each one.,decaying_average,65,active,LE-LS2-5,4,Advanced,3,Proficient,2,Developing,1,Beginning,0,No Evidence
LE-LS2-5.2,outcome,LS2-5.2,"Name the processes besides photosynthesis and respiration that move carbon between spheres: burning, dissolving into and out of the ocean, burial into rock and fossil fuels, and volcanic release. [DOK 1; Priority (on the unit test); Unit 1.2]","I can name processes besides photosynthesis and respiration that move carbon, like burning and burial in rock.",decaying_average,65,active,LE-LS2-5,4,Advanced,3,Proficient,2,Developing,1,Beginning,0,No Evidence
LE-LS2-5.3,outcome,LS2-5.3,"Describe photosynthesis as moving carbon from the atmosphere and hydrosphere into the biosphere, and cellular respiration as moving it back. [DOK 2; Priority (on the unit test); Unit 1.2]","I can describe how photosynthesis moves carbon from air and water into living things, and respiration moves it back.",decaying_average,65,active,LE-LS2-5,4,Advanced,3,Proficient,2,Developing,1,Beginning,0,No Evidence
LE-LS2-5.4,outcome,LS2-5.4,"Use a carbon-cycle model to trace a carbon atom through at least three spheres, naming the process at each transfer. [DOK 2; Priority (on the unit test); Unit 1.2]",I can trace one carbon atom through at least three spheres and name each process that moves it.,decaying_average,65,active,LE-LS2-5,4,Advanced,3,Proficient,2,Developing,1,Beginning,0,No Evidence
LE-LS2-5.5,outcome,LS2-5.5,"Use a model or simulation to predict how a change in one flow, such as burning fossil fuels or clearing forest, changes the carbon stored in other spheres. [DOK 2; Priority (on the unit test); Unit 1.2]",I can use a model to predict what happens to carbon elsewhere when one part of the cycle changes.,decaying_average,65,active,LE-LS2-5,4,Advanced,3,Proficient,2,Developing,1,Beginning,0,No Evidence
LE-LS2-5.6,outcome,LS2-5.6,"Develop a model to illustrate the role of photosynthesis and cellular respiration in the cycling of carbon among the biosphere, atmosphere, hydrosphere, and geosphere. [DOK 3; Priority (on the unit test); Unit 1.2]",I can build a model showing how photosynthesis and respiration cycle carbon among all four spheres.,decaying_average,65,active,LE-LS2-5,4,Advanced,3,Proficient,2,Developing,1,Beginning,0,No Evidence
LE-LS1-5,group,LS1-5,Taught in Unit 1.2: Energy Through Carbon.,,,,active,,,,,,,,,,,
LE-LS1-5.1,outcome,LS1-5.1,"Name the inputs (carbon dioxide, water, light) and outputs (sugar, oxygen) of photosynthesis. [DOK 1; Supporting (taught and practiced, not on the unit test); Unit 1.2]",I can name what photosynthesis uses and what it makes.,decaying_average,65,active,LE-LS1-5,4,Advanced,3,Proficient,2,Developing,1,Beginning,0,No Evidence
LE-LS1-5.2,outcome,LS1-5.2,"Explain that photosynthesis transforms light energy into chemical energy stored in sugar and oxygen, which respiration later releases. [DOK 2; Supporting (taught and practiced, not on the unit test); Unit 1.2]",I can explain how photosynthesis stores light energy as chemical energy in sugar.,decaying_average,65,active,LE-LS1-5,4,Advanced,3,Proficient,2,Developing,1,Beginning,0,No Evidence
LE-LS1-5.3,outcome,LS1-5.3,"Use a model to illustrate how photosynthesis transforms light energy into stored chemical energy, tracking the matter that goes in and comes out. [DOK 2; Supporting (taught and practiced, not on the unit test); Unit 1.2]","I can use a model to show photosynthesis storing light energy in sugar, and track the matter in and out.",decaying_average,65,active,LE-LS1-5,4,Advanced,3,Proficient,2,Developing,1,Beginning,0,No Evidence
LE-LS1-7,group,LS1-7,Taught in Unit 1.2: Energy Through Carbon.,,,,active,,,,,,,,,,,
LE-LS1-7.1,outcome,LS1-7.1,"Name the inputs (sugar, oxygen) and outputs (carbon dioxide, water, usable energy) of cellular respiration. [DOK 1; Supporting (taught and practiced, not on the unit test); Unit 1.2]",I can name what cellular respiration uses and what it makes.,decaying_average,65,active,LE-LS1-7,4,Advanced,3,Proficient,2,Developing,1,Beginning,0,No Evidence
LE-LS1-7.2,outcome,LS1-7.2,"Explain that cellular respiration breaks the bonds in food and oxygen molecules and forms bonds in new compounds, with a net release of energy the cell can use. [DOK 2; Supporting (taught and practiced, not on the unit test); Unit 1.2]","I can explain how respiration breaks and forms bonds, releasing energy a cell can use.",decaying_average,65,active,LE-LS1-7,4,Advanced,3,Proficient,2,Developing,1,Beginning,0,No Evidence
LE-LS1-7.3,outcome,LS1-7.3,"Use a model to illustrate that cellular respiration is a chemical process in which bonds are broken and new bonds formed, resulting in a net transfer of energy. [DOK 2; Supporting (taught and practiced, not on the unit test); Unit 1.2]","I can use a model to show respiration breaking and forming bonds, releasing more energy than it uses.",decaying_average,65,active,LE-LS1-7,4,Advanced,3,Proficient,2,Developing,1,Beginning,0,No Evidence
LE-LS1-6,group,LS1-6,"Construct and revise an explanation based on evidence for how carbon, hydrogen, and oxygen from sugar molecules may combine with other elements to form amino acids and/or other large carbon-based molecules.",,,,active,,,,,,,,,,,
LE-LS1-6.1,outcome,LS1-6.1,"Identify that sugar molecules and large carbon-based molecules (amino acids, proteins, lipids, nucleic acids) are composed largely of carbon, hydrogen, and oxygen atoms. [DOK 1; Priority (on the unit test); Unit 1.3]",I can name the three elements that make up most of sugar and the body's large molecules.,decaying_average,65,active,LE-LS1-6,4,Advanced,3,Proficient,2,Developing,1,Beginning,0,No Evidence
LE-LS1-6.2,outcome,LS1-6.2,"Describe how organisms take in matter (for growth and maintenance) and rearrange atoms through chemical reactions, with matter conserved. [DOK 2; Priority (on the unit test); Unit 1.3]","I can describe how living things take in matter and rearrange its atoms, with no atoms lost.",decaying_average,65,active,LE-LS1-6,4,Advanced,3,Proficient,2,Developing,1,Beginning,0,No Evidence
LE-LS1-6.3,outcome,LS1-6.3,"Explain that chemical reactions rearrange atoms from simpler reactants into more complex products, sometimes incorporating other elements (e.g., nitrogen, sulfur). [DOK 2; Priority (on the unit test); Unit 1.3]","I can explain how atoms from sugar join with other elements, like nitrogen, to build larger molecules.",decaying_average,65,active,LE-LS1-6,4,Advanced,3,Proficient,2,Developing,1,Beginning,0,No Evidence
LE-LS1-6.4,outcome,LS1-6.4,Use a model or simulation to trace atoms from sugar molecules as they recombine with other elements to form amino acids and other macromolecules. [DOK 2; Priority (on the unit test); Unit 1.3],I can use a model to trace atoms from sugar into a larger molecule.,decaying_average,65,active,LE-LS1-6,4,Advanced,3,Proficient,2,Developing,1,Beginning,0,No Evidence
LE-LS1-6.5,outcome,LS1-6.5,"Construct an explanation, based on evidence, for how carbon, hydrogen, and oxygen from sugar molecules combine with other elements to form large carbon-based molecules. [DOK 3; Priority (on the unit test); Unit 1.3]",I can use evidence to explain how atoms from sugar combine with other elements to build large carbon-based molecules.,decaying_average,65,active,LE-LS1-6,4,Advanced,3,Proficient,2,Developing,1,Beginning,0,No Evidence
LE-LS1-6.6,outcome,LS1-6.6,"Revise the explanation in light of new evidence from models, simulations, students' own investigations, or peer review. [DOK 3; Priority (on the unit test); Unit 1.3]",I can revise my explanation when new evidence comes in.,decaying_average,65,active,LE-LS1-6,4,Advanced,3,Proficient,2,Developing,1,Beginning,0,No Evidence
LE-PS1-7,group,PS1-7,Taught in Unit 1.3: Sugar to Structures.,,,,active,,,,,,,,,,,
LE-PS1-7.1,outcome,PS1-7.1,"Count the atoms of each element on each side of a simple chemical reaction. [DOK 1; Thread (taught and practiced, not on the unit test); Unit 1.3]",I can count the atoms of each element on both sides of a reaction.,decaying_average,65,active,LE-PS1-7,4,Advanced,3,Proficient,2,Developing,1,Beginning,0,No Evidence
LE-PS1-7.2,outcome,PS1-7.2,"Explain that a chemical reaction rearranges atoms, so the number of each kind of atom, and so the mass, stays the same. [DOK 2; Thread (taught and practiced, not on the unit test); Unit 1.3]","I can explain why a reaction keeps every atom, so the total mass stays the same.",decaying_average,65,active,LE-PS1-7,4,Advanced,3,Proficient,2,Developing,1,Beginning,0,No Evidence
LE-PS1-7.3,outcome,PS1-7.3,"Use atom counts to support the claim that atoms, and therefore mass, are conserved when sugar is rebuilt into larger molecules, using a simple reaction such as two sugars joining and releasing water. [DOK 2; Thread (taught and practiced, not on the unit test); Unit 1.3]",I can use atom counts to show that no atoms are lost when sugar is rebuilt.,decaying_average,65,active,LE-PS1-7,4,Advanced,3,Proficient,2,Developing,1,Beginning,0,No Evidence
LE-ETS1-3,group,ETS1-3,Taught in Unit 1.3: Sugar to Structures.,,,,active,,,,,,,,,,,
LE-ETS1-3.1,outcome,ETS1-3.1,"Identify the criteria a solution must meet and the constraints it must work within, such as cost, safety, reliability, and aesthetics, and its possible social, cultural, and environmental impacts. [DOK 1; Thread (taught and practiced, not on the unit test); Unit 1.3]","I can list what a solution must do, the limits it must work within, and its possible impacts.",decaying_average,65,active,LE-ETS1-3,4,Advanced,3,Proficient,2,Developing,1,Beginning,0,No Evidence
LE-ETS1-3.2,outcome,ETS1-3.2,"Compare the trade-offs of two solutions to the same problem using given data. [DOK 2; Thread (taught and practiced, not on the unit test); Unit 1.3]",I can use data to compare what two solutions gain and give up.,decaying_average,65,active,LE-ETS1-3,4,Advanced,3,Proficient,2,Developing,1,Beginning,0,No Evidence
LE-ETS1-3.3,outcome,ETS1-3.3,"Evaluate a solution to a complex real-world problem, such as algae biofuel, based on prioritized criteria and trade-offs. [DOK 3; Thread (taught and practiced, not on the unit test); Unit 1.3]","I can judge a real solution, like algae fuel, by ranking what matters and weighing gains against costs.",decaying_average,65,active,LE-ETS1-3,4,Advanced,3,Proficient,2,Developing,1,Beginning,0,No Evidence
LE-LS1-1,group,LS1-1,"Construct an explanation based on evidence for how the structure of DNA determines the structure of proteins, which carry out the essential functions of life through systems of specialized cells.",,,,active,,,,,,,,,,,
LE-LS1-1.1,outcome,LS1-1.1,"Students can label or describe DNA as a double helix made of nucleotides containing sugar, phosphate, and nitrogen bases. [DOK 1; Priority (on the unit test); Unit 2.1]","I can describe DNA as a double helix built from nucleotides, each with a sugar, a phosphate, and a base.",decaying_average,65,active,LE-LS1-1,4,Advanced,3,Proficient,2,Developing,1,Beginning,0,No Evidence
LE-LS1-1.2,outcome,LS1-1.2,Students can state that DNA contains the genetic instructions for building proteins. [DOK 1; Priority (on the unit test); Unit 2.1],I can state that DNA holds the instructions for building proteins.,decaying_average,65,active,LE-LS1-1,4,Advanced,3,Proficient,2,Developing,1,Beginning,0,No Evidence
LE-LS1-1.3,outcome,LS1-1.3,Students can describe the role of mRNA and tRNA in the transcription and translation processes. [DOK 2; Priority (on the unit test); Unit 2.1],I can describe how a gene's message is copied and read to build a chain of amino acids.,decaying_average,65,active,LE-LS1-1,4,Advanced,3,Proficient,2,Developing,1,Beginning,0,No Evidence
LE-LS1-1.4,outcome,LS1-1.4,Students can explain that a single base change can alter a protein and possibly change its function. [DOK 2; Priority (on the unit test); Unit 2.1],I can explain how changing one DNA base can change a protein and what it does.,decaying_average,65,active,LE-LS1-1,4,Advanced,3,Proficient,2,Developing,1,Beginning,0,No Evidence
LE-LS1-1.5,outcome,LS1-1.5,Students connect the idea that DNA codes for proteins and that these proteins contribute to the specialized functions of different cells [DOK 3; Priority (on the unit test); Unit 2.1],"I can explain how DNA, through proteins, gives different cells their different jobs.",decaying_average,65,active,LE-LS1-1,4,Advanced,3,Proficient,2,Developing,1,Beginning,0,No Evidence
LE-LS1-1.6,outcome,LS1-1.6,"Students use data from case studies or simulations to analyze the impacts of protein defects (e.g., sickle cell anemia or cystic fibrosis). [DOK 3; Priority (on the unit test); Unit 2.1]","I can use case data, like sickle cell, to explain how a DNA change affects the body.",decaying_average,65,active,LE-LS1-1,4,Advanced,3,Proficient,2,Developing,1,Beginning,0,No Evidence
LE-LS3-1,group,LS3-1,Taught in Unit 2.1: DNA to Proteins.,,,,active,,,,,,,,,,,
LE-LS3-1.1,outcome,LS3-1.1,"Describe a chromosome as one long DNA molecule packed with proteins, and a gene as a section of that DNA that codes for a protein that affects a trait. [DOK 1; Supporting (taught and practiced, not on the unit test); Unit 2.1]","I can describe how chromosomes, DNA, and genes are related.",decaying_average,65,active,LE-LS3-1,4,Advanced,3,Proficient,2,Developing,1,Beginning,0,No Evidence
LE-LS3-1.2,outcome,LS3-1.2,"Explain how offspring receive one set of chromosomes, and so genes, from each parent. [DOK 2; Supporting (taught and practiced, not on the unit test); Unit 2.1]",I can explain how a child gets half of its chromosomes from each parent.,decaying_average,65,active,LE-LS3-1,4,Advanced,3,Proficient,2,Developing,1,Beginning,0,No Evidence
LE-LS3-1.3,outcome,LS3-1.3,"Ask questions to clarify relationships about the role of DNA and chromosomes in coding the instructions for characteristic traits passed from parents to offspring. [DOK 2; Supporting (taught and practiced, not on the unit test); Unit 2.1]",I can ask questions that clarify how DNA and chromosomes carry the instructions for traits passed to offspring.,decaying_average,65,active,LE-LS3-1,4,Advanced,3,Proficient,2,Developing,1,Beginning,0,No Evidence
LE-LS3-2,group,LS3-2,"Make and defend a claim based on evidence that inheritable genetic variations may result from (1) new genetic combinations through meiosis, (2) viable errors occurring during replication, and/or (3) mutations caused by environmental factors.",,,,active,,,,,,,,,,,
LE-LS3-2.1,outcome,LS3-2.1,"Name three sources of inheritable genetic variation: new gene combinations through meiosis, errors in DNA copying, and mutations caused by environmental factors. [DOK 1; Priority (on the unit test); Unit 2.2]",I can name three ways new genetic variation arises.,decaying_average,65,active,LE-LS3-2,4,Advanced,3,Proficient,2,Developing,1,Beginning,0,No Evidence
LE-LS3-2.2,outcome,LS3-2.2,"Describe how meiosis and fertilization give offspring new combinations of alleles, without naming the phases of meiosis. [DOK 2; Priority (on the unit test); Unit 2.2]",I can describe how making sex cells and fertilization mix alleles into new combinations.,decaying_average,65,active,LE-LS3-2,4,Advanced,3,Proficient,2,Developing,1,Beginning,0,No Evidence
LE-LS3-2.3,outcome,LS3-2.3,"Explain how a viable error in DNA copying, or a mutation caused by an environmental factor such as UV light, can change a gene, and why, in animals, only changes in cells that make eggs or sperm are inherited. [DOK 2; Priority (on the unit test); Unit 2.2]","I can explain how copying errors and things like UV light change genes, and when that change is inherited.",decaying_average,65,active,LE-LS3-2,4,Advanced,3,Proficient,2,Developing,1,Beginning,0,No Evidence
LE-LS3-2.4,outcome,LS3-2.4,"Interpret data, such as mutation counts under different exposures or trait combinations in offspring, as evidence for a source of variation. [DOK 2; Priority (on the unit test); Unit 2.2]",I can read data as evidence for where a genetic variation came from.,decaying_average,65,active,LE-LS3-2,4,Advanced,3,Proficient,2,Developing,1,Beginning,0,No Evidence
LE-LS3-2.5,outcome,LS3-2.5,"Make a claim, supported by data, about which source or sources explain a given case of inheritable genetic variation. [DOK 3; Priority (on the unit test); Unit 2.2]","I can make a claim, backed by data, about what caused a genetic variation.",decaying_average,65,active,LE-LS3-2,4,Advanced,3,Proficient,2,Developing,1,Beginning,0,No Evidence
LE-LS3-2.6,outcome,LS3-2.6,"Defend the claim against a counterclaim or new data, explaining why the evidence supports one source over another. [DOK 3; Priority (on the unit test); Unit 2.2]",I can defend my claim against another explanation using the evidence.,decaying_average,65,active,LE-LS3-2,4,Advanced,3,Proficient,2,Developing,1,Beginning,0,No Evidence
LE-LS3-3,group,LS3-3,Taught in Unit 2.2: Inherited Instructions.,,,,active,,,,,,,,,,,
LE-LS3-3.1,outcome,LS3-3.1,"Use a Punnett square to list the possible allele combinations from a cross. [DOK 1; Supporting (taught and practiced, not on the unit test); Unit 2.2]",I can use a Punnett square to show the possible allele combinations from a cross.,decaying_average,65,active,LE-LS3-3,4,Advanced,3,Proficient,2,Developing,1,Beginning,0,No Evidence
LE-LS3-3.2,outcome,LS3-3.2,"Calculate the probability of each trait among offspring as a fraction or percent, and compare it with observed counts. [DOK 2; Supporting (taught and practiced, not on the unit test); Unit 2.2]",I can calculate the chance of each trait and compare it with real counts.,decaying_average,65,active,LE-LS3-3,4,Advanced,3,Proficient,2,Developing,1,Beginning,0,No Evidence
LE-LS3-3.3,outcome,LS3-3.3,"Apply concepts of statistics and probability to explain the variation and distribution of expressed traits in a population, including the role of environmental factors. [DOK 3; Supporting (taught and practiced, not on the unit test); Unit 2.2]","I can use probability to explain how traits vary and spread in a population, including effects of environment.",decaying_average,65,active,LE-LS3-3,4,Advanced,3,Proficient,2,Developing,1,Beginning,0,No Evidence
LE-ESS1-5,group,ESS1-5,Evaluate evidence of the past and current movements of continental and oceanic crust and the theory of plate tectonics to explain the ages of crustal rocks.,,,,active,,,,,,,,,,,
LE-ESS1-5.1,outcome,ESS1-5.1,"Describe Earth's outer layer (lithosphere) as moving plates that carry continental or oceanic crust, and name the three kinds of plate boundary. [DOK 1; Priority (on the unit test); Unit 3.1]",I can describe Earth's outer layer as moving plates and name three kinds of plate boundaries.,decaying_average,65,active,LE-ESS1-5,4,Advanced,3,Proficient,2,Developing,1,Beginning,0,No Evidence
LE-ESS1-5.2,outcome,ESS1-5.2,Describe how new oceanic crust forms at mid-ocean ridges and is destroyed at subduction zones. [DOK 1; Priority (on the unit test); Unit 3.1],I can describe where ocean crust is made and where it sinks back down.,decaying_average,65,active,LE-ESS1-5,4,Advanced,3,Proficient,2,Developing,1,Beginning,0,No Evidence
LE-ESS1-5.3,outcome,ESS1-5.3,"Read a map or graph of rock ages and describe the pattern: oceanic crust is older farther from a ridge, and continental crust is oldest near an ancient core. [DOK 2; Priority (on the unit test); Unit 3.1]",I can read a rock-age map and describe the pattern in the ages.,decaying_average,65,active,LE-ESS1-5,4,Advanced,3,Proficient,2,Developing,1,Beginning,0,No Evidence
LE-ESS1-5.4,outcome,ESS1-5.4,"Explain why oceanic crust is young compared with the oldest continental rocks, and why continental crust is youngest far from its ancient core, using how each kind of crust forms, grows, and is recycled. [DOK 2; Priority (on the unit test); Unit 3.1]",I can explain why ocean crust is young and why continents are oldest at their ancient cores.,decaying_average,65,active,LE-ESS1-5,4,Advanced,3,Proficient,2,Developing,1,Beginning,0,No Evidence
LE-ESS1-5.5,outcome,ESS1-5.5,"Evaluate evidence, such as rock ages, magnetic striping, and measured plate motion, for past and current movements of continental and oceanic crust. [DOK 3; Priority (on the unit test); Unit 3.1]",I can judge how strong the evidence is that the crust has moved and is still moving.,decaying_average,65,active,LE-ESS1-5,4,Advanced,3,Proficient,2,Developing,1,Beginning,0,No Evidence
LE-ESS1-5.6,outcome,ESS1-5.6,"Evaluate how well the theory of plate tectonics explains the ages of crustal rocks, using evidence from both oceanic and continental crust. [DOK 3; Priority (on the unit test); Unit 3.1]","I can judge how well plate tectonics explains the ages of rocks, using evidence.",decaying_average,65,active,LE-ESS1-5,4,Advanced,3,Proficient,2,Developing,1,Beginning,0,No Evidence
LE-ESS1-6,group,ESS1-6,Taught in Unit 3.1: Age of the Earth.,,,,active,,,,,,,,,,,
LE-ESS1-6.1,outcome,ESS1-6.1,"Describe the evidence for Earth's early history: radiometric ages of meteorites, moon rocks, and Earth's oldest minerals, and the impact-crater record. [DOK 1; Supporting (taught and practiced, not on the unit test); Unit 3.1]",I can list the evidence scientists use to learn about early Earth.,decaying_average,65,active,LE-ESS1-6,4,Advanced,3,Proficient,2,Developing,1,Beginning,0,No Evidence
LE-ESS1-6.2,outcome,ESS1-6.2,"Explain why the age of the solar system, about 4.6 billion years, comes mostly from meteorites and moon rocks rather than from Earth's own rocks. [DOK 2; Supporting (taught and practiced, not on the unit test); Unit 3.1]",I can explain why meteorites and moon rocks tell Earth's age better than Earth rocks do.,decaying_average,65,active,LE-ESS1-6,4,Advanced,3,Proficient,2,Developing,1,Beginning,0,No Evidence
LE-ESS1-6.3,outcome,ESS1-6.3,"Apply scientific reasoning and evidence from ancient Earth materials, meteorites, and other planetary surfaces to construct an account of Earth's formation and early history. [DOK 3; Supporting (taught and practiced, not on the unit test); Unit 3.1]","I can use evidence from rocks, meteorites, and other planets to tell how Earth formed.",decaying_average,65,active,LE-ESS1-6,4,Advanced,3,Proficient,2,Developing,1,Beginning,0,No Evidence
LE-ESS2-7,group,ESS2-7,Construct an argument based on evidence about the simultaneous coevolution of Earth's systems and life on Earth.,,,,active,,,,,,,,,,,
LE-ESS2-7.1,outcome,ESS2-7.1,"Identifies examples of changes in Earth systems (e.g., volcanic eruptions, plate movement, climate shifts) and life on Earth (e.g., species changes, extinctions), but does not yet connect them. [DOK 1; Priority (on the unit test); Unit 3.2]",I can name examples of how Earth has changed and how life has changed.,decaying_average,65,active,LE-ESS2-7,4,Advanced,3,Proficient,2,Developing,1,Beginning,0,No Evidence
LE-ESS2-7.2,outcome,ESS2-7.2,"Describes basic interactions between Earth's systems and living organisms (e.g., photosynthesis increasing oxygen levels, or how volcanic eruptions impact species). Begins to relate cause and effect. [DOK 2; Priority (on the unit test); Unit 3.2]",I can describe one way Earth changed life and one way life changed Earth.,decaying_average,65,active,LE-ESS2-7,4,Advanced,3,Proficient,2,Developing,1,Beginning,0,No Evidence
LE-ESS2-7.3,outcome,ESS2-7.3,"Explains how specific events in Earth's history (e.g., ice ages, mass extinctions, oxygenation events) influenced the evolution of life and vice versa. Demonstrates understanding of reciprocal change. [DOK 2/3; Priority (on the unit test); Unit 3.2]","I can explain how events in Earth's history changed life, and how life in turn changed Earth.",decaying_average,65,active,LE-ESS2-7,4,Advanced,3,Proficient,2,Developing,1,Beginning,0,No Evidence
LE-ESS2-7.4,outcome,ESS2-7.4,"Constructs a logical argument using specific evidence from geoscience and biological records to show how life and Earth systems influenced each other. Organizes claim, reasoning, and supporting data. [DOK 3; Priority (on the unit test); Unit 3.2]","I can write an argument, with evidence, that Earth and life changed each other.",decaying_average,65,active,LE-ESS2-7,4,Advanced,3,Proficient,2,Developing,1,Beginning,0,No Evidence
LE-ESS2-7.5,outcome,ESS2-7.5,"Evaluates multiple lines of evidence (e.g., fossil records, geologic data, atmospheric composition) to synthesize a coherent argument. Considers feedback loops, time scales, and long-term interactions in constructing a persuasive scientific explanation. [DOK 4; Priority (on the unit test); Unit 3.2]",I can combine several kinds of evidence into one strong argument about Earth and life.,decaying_average,65,active,LE-ESS2-7,4,Advanced,3,Proficient,2,Developing,1,Beginning,0,No Evidence
LE-ESS2-7.6,outcome,ESS2-7.6,Construct an argument based on evidence about the simultaneous coevolution of Earth's systems and life on Earth. [DOK 3; Priority (on the unit test); Unit 3.2],I can argue from evidence that Earth's systems and life have changed together over time.,decaying_average,65,active,LE-ESS2-7,4,Advanced,3,Proficient,2,Developing,1,Beginning,0,No Evidence
LE-LS4-1,group,LS4-1,Communicate scientific information that common ancestry and biological evolution are supported by multiple lines of empirical evidence.,,,,active,,,,,,,,,,,
LE-LS4-1.1,outcome,LS4-1.1,Describe what I already know and wonder about how different animals and humans are connected over time. [DOK 1; Priority (on the unit test); Unit 3.3],I can say what I already know and wonder about how living things are related.,decaying_average,65,active,LE-LS4-1,4,Advanced,3,Proficient,2,Developing,1,Beginning,0,No Evidence
LE-LS4-1.2,outcome,LS4-1.2,Understand what types of evidence prove common ancestry [DOK 2; Priority (on the unit test); Unit 3.3],"I can describe the kinds of evidence that support common ancestry: DNA, body structures, and embryos.",decaying_average,65,active,LE-LS4-1,4,Advanced,3,Proficient,2,Developing,1,Beginning,0,No Evidence
LE-LS4-1.3,outcome,LS4-1.3,Communicate how common ancestry is supported by evidence [DOK 3; Priority (on the unit test); Unit 3.3],I can explain to others how several lines of evidence support common ancestry.,decaying_average,65,active,LE-LS4-1,4,Advanced,3,Proficient,2,Developing,1,Beginning,0,No Evidence
LE-LS4-1.4,outcome,LS4-1.4,Understand what types of evidence prove biological evolution [DOK 2; Priority (on the unit test); Unit 3.3],"I can describe the kinds of evidence that support evolution, like the fossil record.",decaying_average,65,active,LE-LS4-1,4,Advanced,3,Proficient,2,Developing,1,Beginning,0,No Evidence
LE-LS4-1.5,outcome,LS4-1.5,Communicate how biological evolution is supported by evidence. [DOK 3; Priority (on the unit test); Unit 3.3],I can explain to others how several lines of evidence support evolution.,decaying_average,65,active,LE-LS4-1,4,Advanced,3,Proficient,2,Developing,1,Beginning,0,No Evidence
LE-LS4-4,group,LS4-4,Construct an explanation based on evidence for how natural selection leads to adaptation of populations.,,,,active,,,,,,,,,,,
LE-LS4-4.1,outcome,LS4-4.1,"Vocabulary: natural selection, adaptation, populations, abiotic, biotic [DOK 1; Priority (on the unit test); Unit 3.4]","I can define natural selection, adaptation, population, biotic, and abiotic.",decaying_average,65,active,LE-LS4-4,4,Advanced,3,Proficient,2,Developing,1,Beginning,0,No Evidence
LE-LS4-4.2,outcome,LS4-4.2,Understanding the connection between natural selection and evolution [DOK 2; Priority (on the unit test); Unit 3.4],I can describe how natural selection causes a population to evolve.,decaying_average,65,active,LE-LS4-4,4,Advanced,3,Proficient,2,Developing,1,Beginning,0,No Evidence
LE-LS4-4.3,outcome,LS4-4.3,Evaluating evidence of natural selection as part of evolution [DOK 2; Priority (on the unit test); Unit 3.4],I can use data to show that a population's traits shifted because of natural selection.,decaying_average,65,active,LE-LS4-4,4,Advanced,3,Proficient,2,Developing,1,Beginning,0,No Evidence
LE-LS4-4.4,outcome,LS4-4.4,Construct an explanation based on evidence for how natural selection leads to adaptations of populations. [DOK 3; Priority (on the unit test); Unit 3.4],I can use evidence to explain how natural selection makes a population better suited to its environment.,decaying_average,65,active,LE-LS4-4,4,Advanced,3,Proficient,2,Developing,1,Beginning,0,No Evidence
LE-LS4-2,group,LS4-2,Taught in Unit 3.4: Evolution by Selection.,,,,active,,,,,,,,,,,
LE-LS4-2.1,outcome,LS4-2.1,"Name the four factors: potential to increase in number, heritable variation from mutation and sexual reproduction, competition for limited resources, and greater survival and reproduction of better-suited organisms. [DOK 1; Supporting (taught and practiced, not on the unit test); Unit 3.4]",I can name the four factors that drive evolution.,decaying_average,65,active,LE-LS4-2,4,Advanced,3,Proficient,2,Developing,1,Beginning,0,No Evidence
LE-LS4-2.2,outcome,LS4-2.2,"Describe the influence of each factor on a population, using simple distribution graphs and proportional reasoning. [DOK 2; Supporting (taught and practiced, not on the unit test); Unit 3.4]",I can use simple graphs to describe how each factor affects a population.,decaying_average,65,active,LE-LS4-2,4,Advanced,3,Proficient,2,Developing,1,Beginning,0,No Evidence
LE-LS4-2.3,outcome,LS4-2.3,"Construct an explanation based on evidence that the process of evolution primarily results from the four factors. [DOK 3; Supporting (taught and practiced, not on the unit test); Unit 3.4]",I can use evidence to explain how the four factors together cause evolution.,decaying_average,65,active,LE-LS4-2,4,Advanced,3,Proficient,2,Developing,1,Beginning,0,No Evidence
LE-LS4-3,group,LS4-3,Taught in Unit 3.4: Evolution by Selection.,,,,active,,,,,,,,,,,
LE-LS4-3.1,outcome,LS4-3.1,"Read a graph or table showing the proportion of a trait in a population across generations. [DOK 1; Supporting (taught and practiced, not on the unit test); Unit 3.4]",I can read a graph that shows how common a trait is over several generations.,decaying_average,65,active,LE-LS4-3,4,Advanced,3,Proficient,2,Developing,1,Beginning,0,No Evidence
LE-LS4-3.2,outcome,LS4-3.2,"Calculate the percent of a population with a trait in each generation and describe the trend. [DOK 2; Supporting (taught and practiced, not on the unit test); Unit 3.4]",I can calculate the percent with a trait in each generation and describe the trend.,decaying_average,65,active,LE-LS4-3,4,Advanced,3,Proficient,2,Developing,1,Beginning,0,No Evidence
LE-LS4-3.3,outcome,LS4-3.3,"Apply concepts of statistics and probability to support explanations that organisms with an advantageous heritable trait tend to increase in proportion to organisms lacking this trait. [DOK 3; Supporting (taught and practiced, not on the unit test); Unit 3.4]",I can use statistics to show that a helpful inherited trait becomes more common.,decaying_average,65,active,LE-LS4-3,4,Advanced,3,Proficient,2,Developing,1,Beginning,0,No Evidence
LE-LS2-8,group,LS2-8,Taught in Unit 3.4: Evolution by Selection.,,,,active,,,,,,,,,,,
LE-LS2-8.1,outcome,LS2-8.1,"Distinguish group behavior from individual behavior, with examples such as flocking, schooling, and cooperative hunting. [DOK 1; Supporting (taught and practiced, not on the unit test); Unit 3.4]",I can tell group behavior from individual behavior and give examples.,decaying_average,65,active,LE-LS2-8,4,Advanced,3,Proficient,2,Developing,1,Beginning,0,No Evidence
LE-LS2-8.2,outcome,LS2-8.2,"Identify evidence of an outcome of a group behavior, such as survival or feeding success, in a data set. [DOK 2; Supporting (taught and practiced, not on the unit test); Unit 3.4]",I can find evidence in data of what a group behavior does for survival.,decaying_average,65,active,LE-LS2-8,4,Advanced,3,Proficient,2,Developing,1,Beginning,0,No Evidence
LE-LS2-8.3,outcome,LS2-8.3,"Evaluate evidence for the role of group behavior on individual and species' chances to survive and reproduce. [DOK 3; Supporting (taught and practiced, not on the unit test); Unit 3.4]",I can judge evidence about how group behavior affects an animal's chances to survive and reproduce.,decaying_average,65,active,LE-LS2-8,4,Advanced,3,Proficient,2,Developing,1,Beginning,0,No Evidence
LE-LS2-4,group,LS2-4,Use mathematical representations to support claims for the cycling of matter and flow of energy among organisms in an ecosystem.,,,,active,,,,,,,,,,,
LE-LS2-4.1,outcome,LS2-4.1,Identify Basic Components of an Ecosystem [DOK 1; Priority (on the unit test); Unit 4.1],"I can name producers, consumers, and decomposers and the role of each.",decaying_average,65,active,LE-LS2-4,4,Advanced,3,Proficient,2,Developing,1,Beginning,0,No Evidence
LE-LS2-4.2,outcome,LS2-4.2,Describe the Movement of Matter and Energy [DOK 2; Priority (on the unit test); Unit 4.1],I can describe how matter cycles and energy flows through a food web.,decaying_average,65,active,LE-LS2-4,4,Advanced,3,Proficient,2,Developing,1,Beginning,0,No Evidence
LE-LS2-4.3,outcome,LS2-4.3,Interpret Visual and Mathematical Models of Energy and Matter [DOK 3; Priority (on the unit test); Unit 4.1],"I can interpret energy pyramids and matter diagrams, including the 10 percent rule.",decaying_average,65,active,LE-LS2-4,4,Advanced,3,Proficient,2,Developing,1,Beginning,0,No Evidence
LE-LS2-4.4,outcome,LS2-4.4,Use Quantitative Data to Describe Energy Flow [DOK 2; Priority (on the unit test); Unit 4.1],I can use numbers to show how much energy passes from one level to the next.,decaying_average,65,active,LE-LS2-4,4,Advanced,3,Proficient,2,Developing,1,Beginning,0,No Evidence
LE-LS2-4.5,outcome,LS2-4.5,Use Quantitative Data to Describe Matter Cycling [DOK 3; Priority (on the unit test); Unit 4.1],I can use numbers to show that matter is conserved as it cycles.,decaying_average,65,active,LE-LS2-4,4,Advanced,3,Proficient,2,Developing,1,Beginning,0,No Evidence
LE-LS2-4.6,outcome,LS2-4.6,Construct Claims Supported by Mathematical Representations [DOK 3; Priority (on the unit test); Unit 4.1],I can use math to support a claim about how matter cycles and energy flows.,decaying_average,65,active,LE-LS2-4,4,Advanced,3,Proficient,2,Developing,1,Beginning,0,No Evidence
LE-LS2-3,group,LS2-3,Taught in Unit 4.1: Cycles of Life.,,,,active,,,,,,,,,,,
LE-LS2-3.1,outcome,LS2-3.1,"Describe aerobic respiration (with oxygen) and anaerobic respiration (without oxygen) by their inputs and outputs. [DOK 1; Supporting (taught and practiced, not on the unit test); Unit 4.1]",I can compare what goes in and out of respiration with and without oxygen.,decaying_average,65,active,LE-LS2-3,4,Advanced,3,Proficient,2,Developing,1,Beginning,0,No Evidence
LE-LS2-3.2,outcome,LS2-3.2,"Explain how matter cycles and energy flows where oxygen is present and where it is scarce, such as waterlogged soil or working muscle, and why less energy is released where oxygen is scarce. [DOK 2; Supporting (taught and practiced, not on the unit test); Unit 4.1]",I can explain how matter and energy move where oxygen is plentiful and where it is scarce.,decaying_average,65,active,LE-LS2-3,4,Advanced,3,Proficient,2,Developing,1,Beginning,0,No Evidence
LE-LS2-3.3,outcome,LS2-3.3,"Construct and revise an explanation based on evidence for the cycling of matter and flow of energy in aerobic and anaerobic conditions. [DOK 3; Supporting (taught and practiced, not on the unit test); Unit 4.1]","I can explain, and revise with new evidence, how matter and energy move with and without oxygen.",decaying_average,65,active,LE-LS2-3,4,Advanced,3,Proficient,2,Developing,1,Beginning,0,No Evidence
LE-ESS3-5,group,ESS3-5,Taught in Unit 4.1: Cycles of Life.,,,,active,,,,,,,,,,,
LE-ESS3-5.1,outcome,ESS3-5.1,"Describe what a climate record, such as atmospheric carbon dioxide, temperature, sea level, or ice volume, shows about change over time. [DOK 1; Supporting (taught and practiced, not on the unit test); Unit 4.1]",I can describe what a climate record shows about change over time.,decaying_average,65,active,LE-ESS3-5,4,Advanced,3,Proficient,2,Developing,1,Beginning,0,No Evidence
LE-ESS3-5.2,outcome,ESS3-5.2,"Determine the current rate of one climate change from a graph of geoscience data, such as degrees per decade or millimeters of sea level per year. [DOK 2; Supporting (taught and practiced, not on the unit test); Unit 4.1]",I can find how fast one part of climate is changing from a graph.,decaying_average,65,active,LE-ESS3-5,4,Advanced,3,Proficient,2,Developing,1,Beginning,0,No Evidence
LE-ESS3-5.3,outcome,ESS3-5.3,"Analyze geoscience data and the results from global climate models to make an evidence-based forecast of one climate change and its future impacts on Earth's systems. [DOK 3; Supporting (taught and practiced, not on the unit test); Unit 4.1]",I can use data and climate models to forecast one climate change and its effects.,decaying_average,65,active,LE-ESS3-5,4,Advanced,3,Proficient,2,Developing,1,Beginning,0,No Evidence
LE-LS2-2,group,LS2-2,Use mathematical representations to support and revise explanations based on evidence about factors affecting biodiversity and populations in ecosystems of different scales.,,,,active,,,,,,,,,,,
LE-LS2-2.1,outcome,LS2-2.1,"Define population and biodiversity, and identify factors that affect them in an ecosystem (resources, predation, competition, disease, climate, available space). [DOK 1; Priority (on the unit test); Unit 4.2]",I can define population and biodiversity and name factors that change them.,decaying_average,65,active,LE-LS2-2,4,Advanced,3,Proficient,2,Developing,1,Beginning,0,No Evidence
LE-LS2-2.2,outcome,LS2-2.2,"Read and interpret graphs, charts, and data tables showing population sizes or biodiversity over time or across locations. [DOK 2; Priority (on the unit test); Unit 4.2]",I can read graphs and tables of population or biodiversity data.,decaying_average,65,active,LE-LS2-2,4,Advanced,3,Proficient,2,Developing,1,Beginning,0,No Evidence
LE-LS2-2.3,outcome,LS2-2.3,"Determine mathematical patterns from data (e.g., averages, rates of change, trends) for populations or biodiversity. [DOK 2; Priority (on the unit test); Unit 4.2]","I can find averages, rates of change, and trends in population data.",decaying_average,65,active,LE-LS2-2,4,Advanced,3,Proficient,2,Developing,1,Beginning,0,No Evidence
LE-LS2-2.4,outcome,LS2-2.4,Compare populations and biodiversity within and across ecosystems of different scales using mathematical representations. [DOK 2; Priority (on the unit test); Unit 4.2],I can use math to compare populations and biodiversity across ecosystems of different sizes.,decaying_average,65,active,LE-LS2-2,4,Advanced,3,Proficient,2,Developing,1,Beginning,0,No Evidence
LE-LS2-2.5,outcome,LS2-2.5,Use mathematical representations as evidence to support an explanation about how a factor affects biodiversity or a population. [DOK 3; Priority (on the unit test); Unit 4.2],I can use math as evidence to explain how a factor affects a population or biodiversity.,decaying_average,65,active,LE-LS2-2,4,Advanced,3,Proficient,2,Developing,1,Beginning,0,No Evidence
LE-LS2-2.6,outcome,LS2-2.6,Revise an explanation about factors affecting biodiversity or populations when new mathematical evidence or data is presented. [DOK 3; Priority (on the unit test); Unit 4.2],I can use new data to revise my explanation of what affects a population or biodiversity.,decaying_average,65,active,LE-LS2-2,4,Advanced,3,Proficient,2,Developing,1,Beginning,0,No Evidence
LE-LS2-1,group,LS2-1,Taught in Unit 4.2: Patterns in Populations.,,,,active,,,,,,,,,,,
LE-LS2-1.1,outcome,LS2-1.1,"Define carrying capacity and name factors that limit it, such as resources, space, climate, and competition. [DOK 1; Supporting (taught and practiced, not on the unit test); Unit 4.2]",I can define carrying capacity and name what limits it.,decaying_average,65,active,LE-LS2-1,4,Advanced,3,Proficient,2,Developing,1,Beginning,0,No Evidence
LE-LS2-1.2,outcome,LS2-1.2,"Read a population graph to find the carrying capacity and describe how the population changes as it approaches it. [DOK 2; Supporting (taught and practiced, not on the unit test); Unit 4.2]",I can find carrying capacity on a graph and describe the population's growth toward it.,decaying_average,65,active,LE-LS2-1,4,Advanced,3,Proficient,2,Developing,1,Beginning,0,No Evidence
LE-LS2-1.3,outcome,LS2-1.3,"Use mathematical and/or computational representations to support explanations of factors that affect carrying capacity of ecosystems at different scales. [DOK 3; Supporting (taught and practiced, not on the unit test); Unit 4.2]",I can use graphs and data to explain what sets an ecosystem's carrying capacity.,decaying_average,65,active,LE-LS2-1,4,Advanced,3,Proficient,2,Developing,1,Beginning,0,No Evidence
LE-LS2-6,group,LS2-6,Taught in Unit 4.2: Patterns in Populations.,,,,active,,,,,,,,,,,
LE-LS2-6.1,outcome,LS2-6.1,"Describe how complex interactions keep the numbers and types of organisms in an ecosystem fairly steady when conditions are stable. [DOK 1; Supporting (taught and practiced, not on the unit test); Unit 4.2]",I can describe how an ecosystem's many interactions keep it steady.,decaying_average,65,active,LE-LS2-6,4,Advanced,3,Proficient,2,Developing,1,Beginning,0,No Evidence
LE-LS2-6.2,outcome,LS2-6.2,"Distinguish modest changes, such as moderate hunting or a seasonal flood, from extreme changes, such as a volcanic eruption or sea level rise, by their effect on an ecosystem. [DOK 2; Supporting (taught and practiced, not on the unit test); Unit 4.2]",I can tell a small disturbance from an extreme one by what it does to an ecosystem.,decaying_average,65,active,LE-LS2-6,4,Advanced,3,Proficient,2,Developing,1,Beginning,0,No Evidence
LE-LS2-6.3,outcome,LS2-6.3,"Evaluate claims, evidence, and reasoning that the complex interactions in ecosystems maintain relatively consistent numbers and types of organisms in stable conditions, but changing conditions may result in a new ecosystem. [DOK 3; Supporting (taught and practiced, not on the unit test); Unit 4.2]","I can judge the claim, evidence, and reasoning about whether an ecosystem stays stable or becomes a new one.",decaying_average,65,active,LE-LS2-6,4,Advanced,3,Proficient,2,Developing,1,Beginning,0,No Evidence
LE-ESS3-1,group,ESS3-1,"Construct an explanation based on evidence for how the availability of natural resources, occurrence of natural hazards, and changes in climate have influenced human activity.",,,,active,,,,,,,,,,,
LE-ESS3-1.1,outcome,ESS3-1.1,"Identify the major types of natural resources, natural hazards, and climate factors that influence human populations. [DOK 1; Priority (on the unit test); Unit 4.3]","I can name the resources, hazards, and climate factors that shape where people live.",decaying_average,65,active,LE-ESS3-1,4,Advanced,3,Proficient,2,Developing,1,Beginning,0,No Evidence
LE-ESS3-1.2,outcome,ESS3-1.2,"Describe how natural resources (fresh water, fertile soil, minerals, fossil fuels) are unevenly distributed across regions. [DOK 2; Priority (on the unit test); Unit 4.3]",I can describe how resources like water and fertile soil are spread unevenly.,decaying_average,65,active,LE-ESS3-1,4,Advanced,3,Proficient,2,Developing,1,Beginning,0,No Evidence
LE-ESS3-1.3,outcome,ESS3-1.3,"Describe examples of natural hazards (volcanic eruptions, earthquakes, tsunamis, floods, droughts) and how they affect where and how people live. [DOK 2; Priority (on the unit test); Unit 4.3]",I can describe how hazards like earthquakes and floods affect where and how people live.,decaying_average,65,active,LE-ESS3-1,4,Advanced,3,Proficient,2,Developing,1,Beginning,0,No Evidence
LE-ESS3-1.4,outcome,ESS3-1.4,"Explain how changes in climate (sea level, temperature and precipitation patterns, crop and livestock viability) can affect populations and drive migration. [DOK 2; Priority (on the unit test); Unit 4.3]",I can explain how climate change can move people and change what they grow.,decaying_average,65,active,LE-ESS3-1,4,Advanced,3,Proficient,2,Developing,1,Beginning,0,No Evidence
LE-ESS3-1.5,outcome,ESS3-1.5,"Interpret data, maps, or case studies that show relationships between Earth's resources, hazards, or climate and patterns of human activity. [DOK 2; Priority (on the unit test); Unit 4.3]","I can read maps and data that connect resources, hazards, or climate to human activity.",decaying_average,65,active,LE-ESS3-1,4,Advanced,3,Proficient,2,Developing,1,Beginning,0,No Evidence
LE-ESS3-1.6,outcome,ESS3-1.6,"Construct an explanation, based on evidence, for how the availability of natural resources, the occurrence of natural hazards, and changes in climate have influenced human activity. [DOK 3; Priority (on the unit test); Unit 4.3]","I can use evidence to explain how resources, hazards, and climate have shaped human activity.",decaying_average,65,active,LE-ESS3-1,4,Advanced,3,Proficient,2,Developing,1,Beginning,0,No Evidence
LE-ESS2-5,group,ESS2-5,Taught in Unit 4.3: Earth Shaping Humanity.,,,,active,,,,,,,,,,,
LE-ESS2-5.1,outcome,ESS2-5.1,"Describe properties of water that change Earth materials: it expands when it freezes, dissolves many materials, and carries and drops sediment as it flows. [DOK 1; Supporting (taught and practiced, not on the unit test); Unit 4.3]",I can describe the properties of water that let it break down and move rock and soil.,decaying_average,65,active,LE-ESS2-5,4,Advanced,3,Proficient,2,Developing,1,Beginning,0,No Evidence
LE-ESS2-5.2,outcome,ESS2-5.2,"Carry out an investigation of how water weathers, erodes, or deposits Earth materials, such as with a stream table, record the data, and connect the result to the rock cycle. [DOK 2; Supporting (taught and practiced, not on the unit test); Unit 4.3]",I can carry out a test of how water wears away or moves Earth materials and record data.,decaying_average,65,active,LE-ESS2-5,4,Advanced,3,Proficient,2,Developing,1,Beginning,0,No Evidence
LE-ESS2-5.3,outcome,ESS2-5.3,"Plan and conduct an investigation of the properties of water and its effects on Earth materials and surface processes. [DOK 3; Supporting (taught and practiced, not on the unit test); Unit 4.3]",I can plan and carry out my own investigation of water's effect on Earth materials.,decaying_average,65,active,LE-ESS2-5,4,Advanced,3,Proficient,2,Developing,1,Beginning,0,No Evidence
LE-LS2-7,group,LS2-7,"Design, evaluate, and refine a solution for reducing the impacts of human activities on the environment and biodiversity.",,,,active,,,,,,,,,,,
LE-LS2-7.1,outcome,LS2-7.1,"Identify and explain how human activities (e.g., pollution, deforestation, climate change) impact ecosystems and biodiversity. [DOK 2; Priority (on the unit test); Unit 4.4]",I can explain how human activities like pollution and deforestation affect ecosystems and biodiversity.,decaying_average,65,active,LE-LS2-7,4,Advanced,3,Proficient,2,Developing,1,Beginning,0,No Evidence
LE-LS2-7.2,outcome,LS2-7.2,Create an evidence-based solution to reduce the negative effects of human activities on the environment and biodiversity. [DOK 3; Priority (on the unit test); Unit 4.4],"I can design a solution, based on evidence, that reduces a human impact on the environment.",decaying_average,65,active,LE-LS2-7,4,Advanced,3,Proficient,2,Developing,1,Beginning,0,No Evidence
LE-LS2-7.3,outcome,LS2-7.3,"Assess the feasibility, benefits, and limitations of a solution aimed at reducing human impact on the environment. [DOK 3; Priority (on the unit test); Unit 4.4]","I can judge whether a solution will work, and what it gains and costs.",decaying_average,65,active,LE-LS2-7,4,Advanced,3,Proficient,2,Developing,1,Beginning,0,No Evidence
LE-LS2-7.4,outcome,LS2-7.4,Use feedback and new evidence to improve a designed solution to mitigate human impacts. [DOK 4; Priority (on the unit test); Unit 4.4],I can use feedback and new evidence to improve my solution.,decaying_average,65,active,LE-LS2-7,4,Advanced,3,Proficient,2,Developing,1,Beginning,0,No Evidence
LE-LS2-7.5,outcome,LS2-7.5,Effectively communicate and defend a designed solution using scientific evidence and reasoning. [DOK 4; Priority (on the unit test); Unit 4.4],I can present and defend my solution with evidence.,decaying_average,65,active,LE-LS2-7,4,Advanced,3,Proficient,2,Developing,1,Beginning,0,No Evidence
LE-ESS3-6,group,ESS3-6,Taught in Unit 4.4: Solutions for Sustainability.,,,,active,,,,,,,,,,,
LE-ESS3-6.1,outcome,ESS3-6.1,"Name Earth's systems (hydrosphere, atmosphere, cryosphere, geosphere, biosphere), with the cryosphere as the frozen part of the hydrosphere, and one way each connects to another. [DOK 1; Supporting (taught and practiced, not on the unit test); Unit 4.4]","I can name Earth's systems, including the frozen cryosphere, and one link between two of them.",decaying_average,65,active,LE-ESS3-6,4,Advanced,3,Proficient,2,Developing,1,Beginning,0,No Evidence
LE-ESS3-6.2,outcome,ESS3-6.2,"Read the published output of a computational model, such as a graph or map, that shows how a human activity changes one Earth system. [DOK 2; Supporting (taught and practiced, not on the unit test); Unit 4.4]",I can read a computer model's graph or map of how people change an Earth system.,decaying_average,65,active,LE-ESS3-6,4,Advanced,3,Proficient,2,Developing,1,Beginning,0,No Evidence
LE-ESS3-6.3,outcome,ESS3-6.3,"Use a computational representation to illustrate the relationships among Earth systems and how those relationships are being modified due to human activity. [DOK 2; Supporting (taught and practiced, not on the unit test); Unit 4.4]",I can use a computer model's results to show how human activity changes links among Earth's systems.,decaying_average,65,active,LE-ESS3-6,4,Advanced,3,Proficient,2,Developing,1,Beginning,0,No Evidence
LE-ESS3-4,group,ESS3-4,Taught in Unit 4.4: Solutions for Sustainability.,,,,active,,,,,,,,,,,
LE-ESS3-4.1,outcome,ESS3-4.1,"Describe data on a human impact, such as pollutant amounts, change in biomass and species diversity, or area of land converted. [DOK 1; Supporting (taught and practiced, not on the unit test); Unit 4.4]",I can describe data that measures a human impact on a natural system.,decaying_average,65,active,LE-ESS3-4,4,Advanced,3,Proficient,2,Developing,1,Beginning,0,No Evidence
LE-ESS3-4.2,outcome,ESS3-4.2,"Compare how well technological solutions, from local to large-scale, change that data. [DOK 2; Supporting (taught and practiced, not on the unit test); Unit 4.4]",I can compare how much different technologies reduce that impact.,decaying_average,65,active,LE-ESS3-4,4,Advanced,3,Proficient,2,Developing,1,Beginning,0,No Evidence
LE-ESS3-4.3,outcome,ESS3-4.3,"Evaluate or refine a technological solution that reduces impacts of human activities on natural systems. [DOK 3; Supporting (taught and practiced, not on the unit test); Unit 4.4]",I can judge or improve a technology that reduces a human impact on nature.,decaying_average,65,active,LE-ESS3-4,4,Advanced,3,Proficient,2,Developing,1,Beginning,0,No Evidence
