Unit,Unit title,Standard,Tier,Origin,Feeds,ID,Step,Learning target,DOK,PE-verb target,"Student ""I can""",Department criterion,Builds on,Note,Web page
1.1,Organization in Organisms (CP: Cells to Organisms),LS1-2,Priority,Department,,LS1-2.1,1,"Identify the levels of biological organization in multicellular organisms (cells, tissues, organs, organ systems, organism).",1,,"I can name the levels of organization in an organism, from cells to the whole organism.","I can identify the levels of organization in a multicellular organism (cells, tissues, organs, organ systems, organism).",,,open
1.1,Organization in Organisms (CP: Cells to Organisms),LS1-2,Priority,Department,,LS1-2.2,2,"Recognize that all living things are made of cells, the basic unit of structure and function.",1,,"I can state that all living things are made of cells, the basic unit of structure and function.",,,,open
1.1,Organization in Organisms (CP: Cells to Organisms),LS1-2,Priority,Department,,LS1-2.3,3,"Describe how each level is composed of the level below it (cells form tissues, tissues form organs, organs form organ systems).",2,,I can describe how each level is built from the level below it.,"I can describe how cells form tissues, tissues form organs, and organs form organ systems.",,,open
1.1,Organization in Organisms (CP: Cells to Organisms),LS1-2,Priority,Department,,LS1-2.4,4,"Explain how the structure at each level relates to the specific function it performs, and how systems interact to keep the organism functioning.",2,,"I can explain how a part's structure fits its job, and how an organism's systems work together.",I can explain how the structure at each level supports its specific function. / I can describe how different organ systems interact to keep the whole organism functioning.,,,open
1.1,Organization in Organisms (CP: Cells to Organisms),LS1-2,Priority,Department,,LS1-2.5,5,"Use a model or diagram to illustrate how interacting systems work together to carry out a specific function (e.g., nutrient uptake, water delivery, movement in response to stimuli).",2,yes,"I can use a model to show how an organism's systems work together to do one job, like moving.","I can use a model to illustrate how interacting systems work together to provide a specific function (e.g., nutrient uptake, water delivery, movement).",,,open
1.1,Organization in Organisms (CP: Cells to Organisms),LS1-2,Priority,Department,,LS1-2.6,6,Develop a model that illustrates the hierarchical organization of interacting systems that provide specific functions within a multicellular organism.,3,yes,I can build my own model showing how levels and systems in an organism work together to carry out functions.,I can develop a model that illustrates the hierarchical organization of interacting systems within a multicellular organism.,,,open
1.1,Organization in Organisms (CP: Cells to Organisms),LS1-3,Supporting,GATE,LS1-2.4,LS1-3.1,1,"Describe how a negative feedback loop (stimulus, response) keeps a body condition within a steady range, and how positive feedback differs by pushing a change further.",2,,I can describe how negative feedback keeps a body condition steady and how positive feedback differs.,,,,open
1.1,Organization in Organisms (CP: Cells to Organisms),LS1-3,Supporting,GATE,LS1-2.4,LS1-3.2,2,"Use data from an investigation, such as heart rate before and after exercise, as evidence that a feedback mechanism returns a condition toward normal.",2,,"I can use data, like heart rate after exercise, to show feedback bringing the body back to normal.",,,,open
1.1,Organization in Organisms (CP: Cells to Organisms),LS1-3,Supporting,GATE,LS1-2.4,LS1-3.3,3,Plan and conduct an investigation to provide evidence that feedback mechanisms maintain homeostasis.,3,yes,I can carry out an investigation that shows feedback keeping the body in balance.,,,,open
1.1,Organization in Organisms (CP: Cells to Organisms),LS1-4,Supporting,GATE,LS1-2.3,LS1-4.1,1,"Describe that cell division (mitosis) makes new cells with the same DNA, for growth and repair.",1,,"I can describe how cell division makes new cells with the same DNA, for growth and repair.",,,,open
1.1,Organization in Organisms (CP: Cells to Organisms),LS1-4,Supporting,GATE,LS1-2.3,LS1-4.2,2,"Explain that cells with the same DNA become specialized (differentiation) by using different genes, and so form different tissues, without the mechanisms of gene control.",2,,I can explain that cells with the same DNA specialize by using different genes.,,,,open
1.1,Organization in Organisms (CP: Cells to Organisms),LS1-4,Supporting,GATE,LS1-2.3,LS1-4.3,3,Use a model to illustrate the role of cellular division (mitosis) and differentiation in producing and maintaining complex organisms.,2,yes,I can use a model to show how cell division and specialization build and maintain a body.,,,,open
1.2,Energy Through Carbon,LS2-5,Priority,GATE-proposed,,LS2-5.1,1,"Identify the four spheres and where carbon is stored in each: carbon dioxide in air, dissolved carbon in water, living and dead matter, and rock and fossil fuels.",1,,I can name the four spheres and where carbon is stored in each one.,"I can identify and describe the major carbon reservoirs (atmosphere, biosphere, geosphere, hydrosphere) and how carbon moves between them.",,Department criterion 1 spans steps 1 and 4.,open
1.2,Energy Through Carbon,LS2-5,Priority,GATE-proposed,,LS2-5.2,2,"Name the processes besides photosynthesis and respiration that move carbon between spheres: burning, dissolving into and out of the ocean, burial into rock and fossil fuels, and volcanic release.",1,,"I can name processes besides photosynthesis and respiration that move carbon, like burning and burial in rock.",,,,open
1.2,Energy Through Carbon,LS2-5,Priority,GATE-proposed,,LS2-5.3,3,"Describe photosynthesis as moving carbon from the atmosphere and hydrosphere into the biosphere, and cellular respiration as moving it back.",2,,"I can describe how photosynthesis moves carbon from air and water into living things, and respiration moves it back.",I can explain how photosynthesis removes carbon dioxide from the atmosphere and stores it in living organisms. / I can explain how cellular respiration releases carbon dioxide back into the atmosphere.,,,open
1.2,Energy Through Carbon,LS2-5,Priority,GATE-proposed,,LS2-5.4,4,"Use a carbon-cycle model to trace a carbon atom through at least three spheres, naming the process at each transfer.",2,,I can trace one carbon atom through at least three spheres and name each process that moves it.,,,,open
1.2,Energy Through Carbon,LS2-5,Priority,GATE-proposed,,LS2-5.5,5,"Use a model or simulation to predict how a change in one flow, such as burning fossil fuels or clearing forest, changes the carbon stored in other spheres.",2,yes,I can use a model to predict what happens to carbon elsewhere when one part of the cycle changes.,"I can use a model to predict how changes in one part of the system (e.g., increased CO2 in the atmosphere) affect other components of the carbon cycle.",,,open
1.2,Energy Through Carbon,LS2-5,Priority,GATE-proposed,,LS2-5.6,6,"Develop a model to illustrate the role of photosynthesis and cellular respiration in the cycling of carbon among the biosphere, atmosphere, hydrosphere, and geosphere.",3,yes,I can build a model showing how photosynthesis and respiration cycle carbon among all four spheres.,I can create or interpret a model that shows the cycling of carbon through photosynthesis and respiration across different Earth systems.,,,open
1.2,Energy Through Carbon,LS1-5,Supporting,GATE,LS2-5.3,LS1-5.1,1,"Name the inputs (carbon dioxide, water, light) and outputs (sugar, oxygen) of photosynthesis.",1,,I can name what photosynthesis uses and what it makes.,,,,open
1.2,Energy Through Carbon,LS1-5,Supporting,GATE,LS2-5.3,LS1-5.2,2,"Explain that photosynthesis transforms light energy into chemical energy stored in sugar and oxygen, which respiration later releases.",2,,I can explain how photosynthesis stores light energy as chemical energy in sugar.,,,,open
1.2,Energy Through Carbon,LS1-5,Supporting,GATE,LS2-5.3,LS1-5.3,3,"Use a model to illustrate how photosynthesis transforms light energy into stored chemical energy, tracking the matter that goes in and comes out.",2,yes,"I can use a model to show photosynthesis storing light energy in sugar, and track the matter in and out.",,,,open
1.2,Energy Through Carbon,LS1-7,Supporting,GATE,LS2-5.3,LS1-7.1,1,"Name the inputs (sugar, oxygen) and outputs (carbon dioxide, water, usable energy) of cellular respiration.",1,,I can name what cellular respiration uses and what it makes.,,,,open
1.2,Energy Through Carbon,LS1-7,Supporting,GATE,LS2-5.3,LS1-7.2,2,"Explain that cellular respiration breaks the bonds in food and oxygen molecules and forms bonds in new compounds, with a net release of energy the cell can use.",2,,"I can explain how respiration breaks and forms bonds, releasing energy a cell can use.",,,,open
1.2,Energy Through Carbon,LS1-7,Supporting,GATE,LS2-5.3,LS1-7.3,3,"Use a model to illustrate that cellular respiration is a chemical process in which bonds are broken and new bonds formed, resulting in a net transfer of energy.",2,yes,"I can use a model to show respiration breaking and forming bonds, releasing more energy than it uses.",,,,open
1.3,Sugar to Structures,LS1-6,Priority,Department,,LS1-6.1,1,"Identify that sugar molecules and large carbon-based molecules (amino acids, proteins, lipids, nucleic acids) are composed largely of carbon, hydrogen, and oxygen atoms.",1,,I can name the three elements that make up most of sugar and the body's large molecules.,"I can identify the elements (carbon, hydrogen, oxygen) that make up sugar molecules and other large carbon-based molecules.",LS1-5.1,"Sits beside the boundary's identification-of-macromolecules exclusion. Teach the element makeup; never write a CSA item that asks a student to identify or classify a macromolecule. Accuracy: amino acids and proteins also contain nitrogen (some contain sulfur), and nucleic acids contain nitrogen and phosphorus. Teach carbon, hydrogen, and oxygen as the part that comes from sugar, and nitrogen, sulfur, and phosphorus as step 3's 'other elements'. No item says these molecules are only carbon, hydrogen, and oxygen.",open
1.3,Sugar to Structures,LS1-6,Priority,Department,,LS1-6.2,2,"Describe how organisms take in matter (for growth and maintenance) and rearrange atoms through chemical reactions, with matter conserved.",2,,"I can describe how living things take in matter and rearrange its atoms, with no atoms lost.",I can describe how organisms take in matter and rearrange atoms through chemical reactions while conserving matter.,LS1-7.2,,open
1.3,Sugar to Structures,LS1-6,Priority,Department,,LS1-6.3,3,"Explain that chemical reactions rearrange atoms from simpler reactants into more complex products, sometimes incorporating other elements (e.g., nitrogen, sulfur).",2,,"I can explain how atoms from sugar join with other elements, like nitrogen, to build larger molecules.",I can explain how atoms from sugar molecules combine with other elements to form amino acids and other macromolecules.,,,open
1.3,Sugar to Structures,LS1-6,Priority,Department,,LS1-6.4,4,Use a model or simulation to trace atoms from sugar molecules as they recombine with other elements to form amino acids and other macromolecules.,2,,I can use a model to trace atoms from sugar into a larger molecule.,I can use evidence from a model or simulation to trace how atoms are rearranged into larger carbon-based molecules.,LS2-5.4,,open
1.3,Sugar to Structures,LS1-6,Priority,Department,,LS1-6.5,5,"Construct an explanation, based on evidence, for how carbon, hydrogen, and oxygen from sugar molecules combine with other elements to form large carbon-based molecules.",3,yes,I can use evidence to explain how atoms from sugar combine with other elements to build large carbon-based molecules.,"I can construct an evidence-based explanation for how carbon, hydrogen, and oxygen from sugar molecules form large carbon-based molecules.",,,open
1.3,Sugar to Structures,LS1-6,Priority,Department,,LS1-6.6,6,"Revise the explanation in light of new evidence from models, simulations, students' own investigations, or peer review.",3,yes,I can revise my explanation when new evidence comes in.,"I can revise my explanation when presented with new evidence from models, simulations, investigations, or peer feedback.",,,open
1.3,Sugar to Structures,PS1-7,Thread,Thread,LS1-6.2,PS1-7.1,1,Count the atoms of each element on each side of a simple chemical reaction.,1,,I can count the atoms of each element on both sides of a reaction.,,,,open
1.3,Sugar to Structures,PS1-7,Thread,Thread,LS1-6.2,PS1-7.2,2,"Explain that a chemical reaction rearranges atoms, so the number of each kind of atom, and so the mass, stays the same.",2,,"I can explain why a reaction keeps every atom, so the total mass stays the same.",,,,open
1.3,Sugar to Structures,PS1-7,Thread,Thread,LS1-6.2,PS1-7.3,3,"Use atom counts to support the claim that atoms, and therefore mass, are conserved when sugar is rebuilt into larger molecules, using a simple reaction such as two sugars joining and releasing water.",2,yes,I can use atom counts to show that no atoms are lost when sugar is rebuilt.,,,,open
1.3,Sugar to Structures,ETS1-3,Thread,Thread,LS1-6.5,ETS1-3.1,1,"Identify the criteria a solution must meet and the constraints it must work within, such as cost, safety, reliability, and aesthetics, and its possible social, cultural, and environmental impacts.",1,,"I can list what a solution must do, the limits it must work within, and its possible impacts.",,,,open
1.3,Sugar to Structures,ETS1-3,Thread,Thread,LS1-6.5,ETS1-3.2,2,Compare the trade-offs of two solutions to the same problem using given data.,2,,I can use data to compare what two solutions gain and give up.,,,,open
1.3,Sugar to Structures,ETS1-3,Thread,Thread,LS1-6.5,ETS1-3.3,3,"Evaluate a solution to a complex real-world problem, such as algae biofuel, based on prioritized criteria and trade-offs.",3,yes,"I can judge a real solution, like algae fuel, by ranking what matters and weighing gains against costs.",,,,open
2.1,DNA to Proteins,LS1-1,Priority,Department,,LS1-1.1,1,"Students can label or describe DNA as a double helix made of nucleotides containing sugar, phosphate, and nitrogen bases.",1,,"I can describe DNA as a double helix built from nucleotides, each with a sugar, a phosphate, and a base.","I can describe the structure of DNA (including base pairs, double helix, and nucleotides).",,,open
2.1,DNA to Proteins,LS1-1,Priority,Department,,LS1-1.2,2,Students can state that DNA contains the genetic instructions for building proteins.,1,,I can state that DNA holds the instructions for building proteins.,I can show how the sequence of DNA bases determines the structure of a specific protein.,,The matched department criterion (base sequence determines a protein's structure) sits above this DOK 1 step. It is assessed through LS1-1.4 and LS1-1.5.,open
2.1,DNA to Proteins,LS1-1,Priority,Department,,LS1-1.3,3,Students can describe the role of mRNA and tRNA in the transcription and translation processes.,2,,I can describe how a gene's message is copied and read to build a chain of amino acids.,I can explain how DNA is transcribed into mRNA and translated into amino acids during protein synthesis.,LS1-6.3,The boundary excludes the biochemistry of protein synthesis. Teach copy-then-read as the path from gene to protein; never write a CSA item on mRNA or tRNA mechanics.,open
2.1,DNA to Proteins,LS1-1,Priority,Department,,LS1-1.4,4,Students can explain that a single base change can alter a protein and possibly change its function.,2,,I can explain how changing one DNA base can change a protein and what it does.,I can use evidence to explain how mutations or changes in DNA can lead to changes in proteins and affect cellular function.,,,open
2.1,DNA to Proteins,LS1-1,Priority,Department,,LS1-1.5,5,Students connect the idea that DNA codes for proteins and that these proteins contribute to the specialized functions of different cells,3,yes,"I can explain how DNA, through proteins, gives different cells their different jobs.",I can explain how proteins contribute to specialized functions in cells and systems in the body.,"LS1-2.4, LS1-4.2",,open
2.1,DNA to Proteins,LS1-1,Priority,Department,,LS1-1.6,6,"Students use data from case studies or simulations to analyze the impacts of protein defects (e.g., sickle cell anemia or cystic fibrosis).",3,yes,"I can use case data, like sickle cell, to explain how a DNA change affects the body.",,,The boundary excludes specific protein structures and functions. The case is evidence for the DNA-to-protein-to-function explanation; a CSA item never asks for the protein's structure itself.,open
2.1,DNA to Proteins,LS3-1,Supporting,GATE,LS1-1.2,LS3-1.1,1,"Describe a chromosome as one long DNA molecule packed with proteins, and a gene as a section of that DNA that codes for a protein that affects a trait.",1,,"I can describe how chromosomes, DNA, and genes are related.",,,,open
2.1,DNA to Proteins,LS3-1,Supporting,GATE,LS1-1.2,LS3-1.2,2,"Explain how offspring receive one set of chromosomes, and so genes, from each parent.",2,,I can explain how a child gets half of its chromosomes from each parent.,,,,open
2.1,DNA to Proteins,LS3-1,Supporting,GATE,LS1-1.2,LS3-1.3,3,Ask questions to clarify relationships about the role of DNA and chromosomes in coding the instructions for characteristic traits passed from parents to offspring.,2,yes,I can ask questions that clarify how DNA and chromosomes carry the instructions for traits passed to offspring.,,,,open
2.2,Inherited Instructions,LS3-2,Priority,GATE-proposed,,LS3-2.1,1,"Name three sources of inheritable genetic variation: new gene combinations through meiosis, errors in DNA copying, and mutations caused by environmental factors.",1,,I can name three ways new genetic variation arises.,,,,open
2.2,Inherited Instructions,LS3-2,Priority,GATE-proposed,,LS3-2.2,2,"Describe how meiosis and fertilization give offspring new combinations of alleles, without naming the phases of meiosis.",2,,I can describe how making sex cells and fertilization mix alleles into new combinations.,,LS3-1.2,,open
2.2,Inherited Instructions,LS3-2,Priority,GATE-proposed,,LS3-2.3,3,"Explain how a viable error in DNA copying, or a mutation caused by an environmental factor such as UV light, can change a gene, and why, in animals, only changes in cells that make eggs or sperm are inherited.",2,,"I can explain how copying errors and things like UV light change genes, and when that change is inherited.",,LS1-1.4,,open
2.2,Inherited Instructions,LS3-2,Priority,GATE-proposed,,LS3-2.4,4,"Interpret data, such as mutation counts under different exposures or trait combinations in offspring, as evidence for a source of variation.",2,,I can read data as evidence for where a genetic variation came from.,,,,open
2.2,Inherited Instructions,LS3-2,Priority,GATE-proposed,,LS3-2.5,5,"Make a claim, supported by data, about which source or sources explain a given case of inheritable genetic variation.",3,yes,"I can make a claim, backed by data, about what caused a genetic variation.",,,,open
2.2,Inherited Instructions,LS3-2,Priority,GATE-proposed,,LS3-2.6,6,"Defend the claim against a counterclaim or new data, explaining why the evidence supports one source over another.",3,yes,I can defend my claim against another explanation using the evidence.,,,,open
2.2,Inherited Instructions,LS3-3,Supporting,GATE,LS3-2.2,LS3-3.1,1,Use a Punnett square to list the possible allele combinations from a cross.,1,,I can use a Punnett square to show the possible allele combinations from a cross.,,LS3-1.2,,open
2.2,Inherited Instructions,LS3-3,Supporting,GATE,LS3-2.2,LS3-3.2,2,"Calculate the probability of each trait among offspring as a fraction or percent, and compare it with observed counts.",2,,I can calculate the chance of each trait and compare it with real counts.,,,,open
2.2,Inherited Instructions,LS3-3,Supporting,GATE,LS3-2.2,LS3-3.3,3,"Apply concepts of statistics and probability to explain the variation and distribution of expressed traits in a population, including the role of environmental factors.",3,yes,"I can use probability to explain how traits vary and spread in a population, including effects of environment.",,,,open
3.1,Age of the Earth,ESS1-5,Priority,GATE-proposed,,ESS1-5.1,1,"Describe Earth's outer layer (lithosphere) as moving plates that carry continental or oceanic crust, and name the three kinds of plate boundary.",1,,I can describe Earth's outer layer as moving plates and name three kinds of plate boundaries.,,,,open
3.1,Age of the Earth,ESS1-5,Priority,GATE-proposed,,ESS1-5.2,2,Describe how new oceanic crust forms at mid-ocean ridges and is destroyed at subduction zones.,1,,I can describe where ocean crust is made and where it sinks back down.,,,,open
3.1,Age of the Earth,ESS1-5,Priority,GATE-proposed,,ESS1-5.3,3,"Read a map or graph of rock ages and describe the pattern: oceanic crust is older farther from a ridge, and continental crust is oldest near an ancient core.",2,,I can read a rock-age map and describe the pattern in the ages.,,,,open
3.1,Age of the Earth,ESS1-5,Priority,GATE-proposed,,ESS1-5.4,4,"Explain why oceanic crust is young compared with the oldest continental rocks, and why continental crust is youngest far from its ancient core, using how each kind of crust forms, grows, and is recycled.",2,,I can explain why ocean crust is young and why continents are oldest at their ancient cores.,,,,open
3.1,Age of the Earth,ESS1-5,Priority,GATE-proposed,,ESS1-5.5,5,"Evaluate evidence, such as rock ages, magnetic striping, and measured plate motion, for past and current movements of continental and oceanic crust.",3,yes,I can judge how strong the evidence is that the crust has moved and is still moving.,,,,open
3.1,Age of the Earth,ESS1-5,Priority,GATE-proposed,,ESS1-5.6,6,"Evaluate how well the theory of plate tectonics explains the ages of crustal rocks, using evidence from both oceanic and continental crust.",3,yes,"I can judge how well plate tectonics explains the ages of rocks, using evidence.",,,,open
3.1,Age of the Earth,ESS1-6,Supporting,GATE,ESS1-5.4,ESS1-6.1,1,"Describe the evidence for Earth's early history: radiometric ages of meteorites, moon rocks, and Earth's oldest minerals, and the impact-crater record.",1,,I can list the evidence scientists use to learn about early Earth.,,,,open
3.1,Age of the Earth,ESS1-6,Supporting,GATE,ESS1-5.4,ESS1-6.2,2,"Explain why the age of the solar system, about 4.6 billion years, comes mostly from meteorites and moon rocks rather than from Earth's own rocks.",2,,I can explain why meteorites and moon rocks tell Earth's age better than Earth rocks do.,,ESS1-5.2,,open
3.1,Age of the Earth,ESS1-6,Supporting,GATE,ESS1-5.4,ESS1-6.3,3,"Apply scientific reasoning and evidence from ancient Earth materials, meteorites, and other planetary surfaces to construct an account of Earth's formation and early history.",3,yes,"I can use evidence from rocks, meteorites, and other planets to tell how Earth formed.",,,,open
3.2,"Changing Earth, Changing Life",ESS2-7,Priority,Department,,ESS2-7.1,1,"Identifies examples of changes in Earth systems (e.g., volcanic eruptions, plate movement, climate shifts) and life on Earth (e.g., species changes, extinctions), but does not yet connect them.",1,,I can name examples of how Earth has changed and how life has changed.,"I can name examples of how Earth changes and how life changes, even if I don't yet see how they're related.",ESS1-5.1,,open
3.2,"Changing Earth, Changing Life",ESS2-7,Priority,Department,,ESS2-7.2,2,"Describes basic interactions between Earth's systems and living organisms (e.g., photosynthesis increasing oxygen levels, or how volcanic eruptions impact species). Begins to relate cause and effect.",2,,I can describe one way Earth changed life and one way life changed Earth.,"I can describe one way Earth has affected life, and one way life has affected Earth.","LS2-5.3, LS1-5.1",,open
3.2,"Changing Earth, Changing Life",ESS2-7,Priority,Department,,ESS2-7.3,3,"Explains how specific events in Earth's history (e.g., ice ages, mass extinctions, oxygenation events) influenced the evolution of life and vice versa. Demonstrates understanding of reciprocal change.",2/3,,"I can explain how events in Earth's history changed life, and how life in turn changed Earth.","I can explain how changes in Earth's systems (like climate or volcanoes) caused life to change, and how living things (like plants) caused Earth to change too.",ESS1-6.3,,open
3.2,"Changing Earth, Changing Life",ESS2-7,Priority,Department,,ESS2-7.4,4,"Constructs a logical argument using specific evidence from geoscience and biological records to show how life and Earth systems influenced each other. Organizes claim, reasoning, and supporting data.",3,yes,"I can write an argument, with evidence, that Earth and life changed each other.","I can write a clear argument that explains how Earth and life evolved together, and I can support my claim with scientific evidence.",,,open
3.2,"Changing Earth, Changing Life",ESS2-7,Priority,Department,,ESS2-7.5,5,"Evaluates multiple lines of evidence (e.g., fossil records, geologic data, atmospheric composition) to synthesize a coherent argument. Considers feedback loops, time scales, and long-term interactions in constructing a persuasive scientific explanation.",4,,I can combine several kinds of evidence into one strong argument about Earth and life.,I can combine different types of scientific evidence to create a strong explanation of how Earth and life have influenced each other over time.,,"DOK 4 sits above the PE at step 6. GATE reads it as depth work (Kaplan prompts, compaction), not a prerequisite of step 6. CSA items stop at DOK 3.",open
3.2,"Changing Earth, Changing Life",ESS2-7,Priority,Department,,ESS2-7.6,6,Construct an argument based on evidence about the simultaneous coevolution of Earth's systems and life on Earth.,3,yes,I can argue from evidence that Earth's systems and life have changed together over time.,I can use scientific evidence to explain how Earth and living things have changed together over time and how they have each affected one another.,,,open
3.3,Patterns of the Past,LS4-1,Priority,Department,,LS4-1.1,1,Describe what I already know and wonder about how different animals and humans are connected over time.,1,,I can say what I already know and wonder about how living things are related.,Students will be able to define each vocabulary term,,"A pre-assessment prompt, not a target. The department's success criterion (vocabulary) does not match it.",open
3.3,Patterns of the Past,LS4-1,Priority,Department,,LS4-1.2,2,Understand what types of evidence prove common ancestry,2,,"I can describe the kinds of evidence that support common ancestry: DNA, body structures, and embryos.",Students will be able to identify and discuss numerous pieces of evidence proving common ancestry,LS1-1.2,,open
3.3,Patterns of the Past,LS4-1,Priority,Department,,LS4-1.3,3,Communicate how common ancestry is supported by evidence,3,yes,I can explain to others how several lines of evidence support common ancestry.,Students will communicate (differentiated) how common ancestry is supported by evidence,,,open
3.3,Patterns of the Past,LS4-1,Priority,Department,,LS4-1.4,4,Understand what types of evidence prove biological evolution,2,,"I can describe the kinds of evidence that support evolution, like the fossil record.",Students will be able to identify and discuss numerous pieces of evidence provoking biological evolution.,ESS2-7.3,,open
3.3,Patterns of the Past,LS4-1,Priority,Department,,LS4-1.5,5,Communicate how biological evolution is supported by evidence.,3,yes,I can explain to others how several lines of evidence support evolution.,Students will communicate (differentiated) how biological evolution is supported by evidence.,,,open
3.4,Evolution by Selection,LS4-4,Priority,Department,,LS4-4.1,1,"Vocabulary: natural selection, adaptation, populations, abiotic, biotic",1,,"I can define natural selection, adaptation, population, biotic, and abiotic.","Students will be able to define the vocabulary terms. (natural selection, adaptation, populations, biotic, abiotic)",,,open
3.4,Evolution by Selection,LS4-4,Priority,Department,,LS4-4.2,2,Understanding the connection between natural selection and evolution,2,,I can describe how natural selection causes a population to evolve.,Students will be able to describe the connection between natural selection and evolution.,LS4-1.5,,open
3.4,Evolution by Selection,LS4-4,Priority,Department,,LS4-4.3,3,Evaluating evidence of natural selection as part of evolution,2,,I can use data to show that a population's traits shifted because of natural selection.,Students will be able to evaluate evidence provided to them by explaining the connections to natural selection.,LS3-2.4,,open
3.4,Evolution by Selection,LS4-4,Priority,Department,,LS4-4.4,4,Construct an explanation based on evidence for how natural selection leads to adaptations of populations.,3,yes,I can use evidence to explain how natural selection makes a population better suited to its environment.,Students will be able to construct an explanation based on evidence for how natural selection leads to adaptations of populations.,,,open
3.4,Evolution by Selection,LS4-2,Supporting,GATE,LS4-4.2,LS4-2.1,1,"Name the four factors: potential to increase in number, heritable variation from mutation and sexual reproduction, competition for limited resources, and greater survival and reproduction of better-suited organisms.",1,,I can name the four factors that drive evolution.,,LS3-2.1,,open
3.4,Evolution by Selection,LS4-2,Supporting,GATE,LS4-4.2,LS4-2.2,2,"Describe the influence of each factor on a population, using simple distribution graphs and proportional reasoning.",2,,I can use simple graphs to describe how each factor affects a population.,,,,open
3.4,Evolution by Selection,LS4-2,Supporting,GATE,LS4-4.2,LS4-2.3,3,Construct an explanation based on evidence that the process of evolution primarily results from the four factors.,3,yes,I can use evidence to explain how the four factors together cause evolution.,,,,open
3.4,Evolution by Selection,LS4-3,Supporting,GATE,LS4-4.3,LS4-3.1,1,Read a graph or table showing the proportion of a trait in a population across generations.,1,,I can read a graph that shows how common a trait is over several generations.,,,,open
3.4,Evolution by Selection,LS4-3,Supporting,GATE,LS4-4.3,LS4-3.2,2,Calculate the percent of a population with a trait in each generation and describe the trend.,2,,I can calculate the percent with a trait in each generation and describe the trend.,,LS3-3.2,,open
3.4,Evolution by Selection,LS4-3,Supporting,GATE,LS4-4.3,LS4-3.3,3,Apply concepts of statistics and probability to support explanations that organisms with an advantageous heritable trait tend to increase in proportion to organisms lacking this trait.,3,yes,I can use statistics to show that a helpful inherited trait becomes more common.,,,,open
3.4,Evolution by Selection,LS2-8,Supporting,GATE,LS4-4.3,LS2-8.1,1,"Distinguish group behavior from individual behavior, with examples such as flocking, schooling, and cooperative hunting.",1,,I can tell group behavior from individual behavior and give examples.,,,,open
3.4,Evolution by Selection,LS2-8,Supporting,GATE,LS4-4.3,LS2-8.2,2,"Identify evidence of an outcome of a group behavior, such as survival or feeding success, in a data set.",2,,I can find evidence in data of what a group behavior does for survival.,,,,open
3.4,Evolution by Selection,LS2-8,Supporting,GATE,LS4-4.3,LS2-8.3,3,Evaluate evidence for the role of group behavior on individual and species' chances to survive and reproduce.,3,yes,I can judge evidence about how group behavior affects an animal's chances to survive and reproduce.,,,,open
4.1,Cycles of Life,LS2-4,Priority,Department,,LS2-4.1,1,Identify Basic Components of an Ecosystem,1,,"I can name producers, consumers, and decomposers and the role of each.","Students will be able to recognize producers, consumers, and decomposers and their roles in ecosystems.",,,open
4.1,Cycles of Life,LS2-4,Priority,Department,,LS2-4.2,2,Describe the Movement of Matter and Energy,2,,I can describe how matter cycles and energy flows through a food web.,Students will be able to describe how matter and energy move through ecosystems via food chains/webs.,"LS2-5.4, LS1-7.2",,open
4.1,Cycles of Life,LS2-4,Priority,Department,,LS2-4.3,3,Interpret Visual and Mathematical Models of Energy and Matter,3,,"I can interpret energy pyramids and matter diagrams, including the 10 percent rule.",Students will be able to read and interpret diagrams and data representing energy flow and matter cycling (10% rule).,,"The department rates this DOK 3 and the next step DOK 2, so DOK does not climb steadily. Carried as written.",open
4.1,Cycles of Life,LS2-4,Priority,Department,,LS2-4.4,4,Use Quantitative Data to Describe Energy Flow,2,,I can use numbers to show how much energy passes from one level to the next.,,,,open
4.1,Cycles of Life,LS2-4,Priority,Department,,LS2-4.5,5,Use Quantitative Data to Describe Matter Cycling,3,,I can use numbers to show that matter is conserved as it cycles.,Students will be able to use numerical data to describe matter cycling in an ecosystem.,"PS1-7.2, LS1-6.2",,open
4.1,Cycles of Life,LS2-4,Priority,Department,,LS2-4.6,6,Construct Claims Supported by Mathematical Representations,3,yes,I can use math to support a claim about how matter cycles and energy flows.,Students will use data and models to support scientific claims about energy flow and matter cycling.,,,open
4.1,Cycles of Life,LS2-3,Supporting,GATE,LS2-4.2,LS2-3.1,1,Describe aerobic respiration (with oxygen) and anaerobic respiration (without oxygen) by their inputs and outputs.,1,,I can compare what goes in and out of respiration with and without oxygen.,,LS1-7.1,,open
4.1,Cycles of Life,LS2-3,Supporting,GATE,LS2-4.2,LS2-3.2,2,"Explain how matter cycles and energy flows where oxygen is present and where it is scarce, such as waterlogged soil or working muscle, and why less energy is released where oxygen is scarce.",2,,I can explain how matter and energy move where oxygen is plentiful and where it is scarce.,,LS1-7.3,,open
4.1,Cycles of Life,LS2-3,Supporting,GATE,LS2-4.2,LS2-3.3,3,Construct and revise an explanation based on evidence for the cycling of matter and flow of energy in aerobic and anaerobic conditions.,3,yes,"I can explain, and revise with new evidence, how matter and energy move with and without oxygen.",,,,open
4.1,Cycles of Life,ESS3-5,Supporting,GATE,LS2-4.5,ESS3-5.1,1,"Describe what a climate record, such as atmospheric carbon dioxide, temperature, sea level, or ice volume, shows about change over time.",1,,I can describe what a climate record shows about change over time.,,,,open
4.1,Cycles of Life,ESS3-5,Supporting,GATE,LS2-4.5,ESS3-5.2,2,"Determine the current rate of one climate change from a graph of geoscience data, such as degrees per decade or millimeters of sea level per year.",2,,I can find how fast one part of climate is changing from a graph.,,,,open
4.1,Cycles of Life,ESS3-5,Supporting,GATE,LS2-4.5,ESS3-5.3,3,Analyze geoscience data and the results from global climate models to make an evidence-based forecast of one climate change and its future impacts on Earth's systems.,3,yes,I can use data and climate models to forecast one climate change and its effects.,,LS2-5.5,,open
4.2,Patterns in Populations,LS2-2,Priority,Department,,LS2-2.1,1,"Define population and biodiversity, and identify factors that affect them in an ecosystem (resources, predation, competition, disease, climate, available space).",1,,I can define population and biodiversity and name factors that change them.,I can define population and biodiversity and identify the factors that affect them in an ecosystem.,,,open
4.2,Patterns in Populations,LS2-2,Priority,Department,,LS2-2.2,2,"Read and interpret graphs, charts, and data tables showing population sizes or biodiversity over time or across locations.",2,,I can read graphs and tables of population or biodiversity data.,"I can read and interpret graphs, charts, and data tables that show population or biodiversity data.",LS4-3.1,,open
4.2,Patterns in Populations,LS2-2,Priority,Department,,LS2-2.3,3,"Determine mathematical patterns from data (e.g., averages, rates of change, trends) for populations or biodiversity.",2,,"I can find averages, rates of change, and trends in population data.","I can determine trends, averages, or rates of change from population or biodiversity data.",LS4-3.2,,open
4.2,Patterns in Populations,LS2-2,Priority,Department,,LS2-2.4,4,Compare populations and biodiversity within and across ecosystems of different scales using mathematical representations.,2,,I can use math to compare populations and biodiversity across ecosystems of different sizes.,I can compare populations and biodiversity within and across ecosystems of different scales using mathematical representations.,,,open
4.2,Patterns in Populations,LS2-2,Priority,Department,,LS2-2.5,5,Use mathematical representations as evidence to support an explanation about how a factor affects biodiversity or a population.,3,yes,I can use math as evidence to explain how a factor affects a population or biodiversity.,I can use mathematical representations as evidence to support an explanation about factors affecting biodiversity or populations.,,,open
4.2,Patterns in Populations,LS2-2,Priority,Department,,LS2-2.6,6,Revise an explanation about factors affecting biodiversity or populations when new mathematical evidence or data is presented.,3,yes,I can use new data to revise my explanation of what affects a population or biodiversity.,I can revise my explanation about factors affecting biodiversity or populations when presented with new mathematical evidence.,,,open
4.2,Patterns in Populations,LS2-1,Supporting,GATE,LS2-2.5,LS2-1.1,1,"Define carrying capacity and name factors that limit it, such as resources, space, climate, and competition.",1,,I can define carrying capacity and name what limits it.,,,,open
4.2,Patterns in Populations,LS2-1,Supporting,GATE,LS2-2.5,LS2-1.2,2,Read a population graph to find the carrying capacity and describe how the population changes as it approaches it.,2,,I can find carrying capacity on a graph and describe the population's growth toward it.,,,,open
4.2,Patterns in Populations,LS2-1,Supporting,GATE,LS2-2.5,LS2-1.3,3,Use mathematical and/or computational representations to support explanations of factors that affect carrying capacity of ecosystems at different scales.,3,yes,I can use graphs and data to explain what sets an ecosystem's carrying capacity.,,,,open
4.2,Patterns in Populations,LS2-6,Supporting,GATE,LS2-2.6,LS2-6.1,1,Describe how complex interactions keep the numbers and types of organisms in an ecosystem fairly steady when conditions are stable.,1,,I can describe how an ecosystem's many interactions keep it steady.,,,,open
4.2,Patterns in Populations,LS2-6,Supporting,GATE,LS2-2.6,LS2-6.2,2,"Distinguish modest changes, such as moderate hunting or a seasonal flood, from extreme changes, such as a volcanic eruption or sea level rise, by their effect on an ecosystem.",2,,I can tell a small disturbance from an extreme one by what it does to an ecosystem.,,,,open
4.2,Patterns in Populations,LS2-6,Supporting,GATE,LS2-2.6,LS2-6.3,3,"Evaluate claims, evidence, and reasoning that the complex interactions in ecosystems maintain relatively consistent numbers and types of organisms in stable conditions, but changing conditions may result in a new ecosystem.",3,yes,"I can judge the claim, evidence, and reasoning about whether an ecosystem stays stable or becomes a new one.",,,,open
4.3,Earth Shaping Humanity,ESS3-1,Priority,Department,,ESS3-1.1,1,"Identify the major types of natural resources, natural hazards, and climate factors that influence human populations.",1,,"I can name the resources, hazards, and climate factors that shape where people live.","I can identify major natural resources, natural hazards, and climate factors that affect human populations.",,,open
4.3,Earth Shaping Humanity,ESS3-1,Priority,Department,,ESS3-1.2,2,"Describe how natural resources (fresh water, fertile soil, minerals, fossil fuels) are unevenly distributed across regions.",2,,I can describe how resources like water and fertile soil are spread unevenly.,I can describe how natural resources are unevenly distributed across different regions.,,,open
4.3,Earth Shaping Humanity,ESS3-1,Priority,Department,,ESS3-1.3,3,"Describe examples of natural hazards (volcanic eruptions, earthquakes, tsunamis, floods, droughts) and how they affect where and how people live.",2,,I can describe how hazards like earthquakes and floods affect where and how people live.,I can describe examples of natural hazards and explain how they affect human settlement and activity.,ESS1-5.1,,open
4.3,Earth Shaping Humanity,ESS3-1,Priority,Department,,ESS3-1.4,4,"Explain how changes in climate (sea level, temperature and precipitation patterns, crop and livestock viability) can affect populations and drive migration.",2,,I can explain how climate change can move people and change what they grow.,I can explain how changes in climate can affect populations and drive migration.,ESS3-5.3,,open
4.3,Earth Shaping Humanity,ESS3-1,Priority,Department,,ESS3-1.5,5,"Interpret data, maps, or case studies that show relationships between Earth's resources, hazards, or climate and patterns of human activity.",2,,"I can read maps and data that connect resources, hazards, or climate to human activity.","I can interpret data, maps, or case studies that connect Earth's resources, hazards, or climate to human activity.",,,open
4.3,Earth Shaping Humanity,ESS3-1,Priority,Department,,ESS3-1.6,6,"Construct an explanation, based on evidence, for how the availability of natural resources, the occurrence of natural hazards, and changes in climate have influenced human activity.",3,yes,"I can use evidence to explain how resources, hazards, and climate have shaped human activity.","I can construct an evidence-based explanation for how natural resources, natural hazards, and changes in climate have influenced human activity.",,,open
4.3,Earth Shaping Humanity,ESS2-5,Supporting,GATE,ESS3-1.3,ESS2-5.1,1,"Describe properties of water that change Earth materials: it expands when it freezes, dissolves many materials, and carries and drops sediment as it flows.",1,,I can describe the properties of water that let it break down and move rock and soil.,,,,open
4.3,Earth Shaping Humanity,ESS2-5,Supporting,GATE,ESS3-1.3,ESS2-5.2,2,"Carry out an investigation of how water weathers, erodes, or deposits Earth materials, such as with a stream table, record the data, and connect the result to the rock cycle.",2,,I can carry out a test of how water wears away or moves Earth materials and record data.,,,,open
4.3,Earth Shaping Humanity,ESS2-5,Supporting,GATE,ESS3-1.3,ESS2-5.3,3,Plan and conduct an investigation of the properties of water and its effects on Earth materials and surface processes.,3,yes,I can plan and carry out my own investigation of water's effect on Earth materials.,,,,open
4.4,Solutions for Sustainability,LS2-7,Priority,Department,,LS2-7.1,1,"Identify and explain how human activities (e.g., pollution, deforestation, climate change) impact ecosystems and biodiversity.",2,,I can explain how human activities like pollution and deforestation affect ecosystems and biodiversity.,"Students will be able to Identify and explain how human activities (e.g., pollution, deforestation, climate change) impact ecosystems and biodiversity.",LS2-6.2,,open
4.4,Solutions for Sustainability,LS2-7,Priority,Department,,LS2-7.2,2,Create an evidence-based solution to reduce the negative effects of human activities on the environment and biodiversity.,3,yes,"I can design a solution, based on evidence, that reduces a human impact on the environment.",Students will Create an evidence-based solution to reduce the negative effects of human activities on the environment and biodiversity.,,,open
4.4,Solutions for Sustainability,LS2-7,Priority,Department,,LS2-7.3,3,"Assess the feasibility, benefits, and limitations of a solution aimed at reducing human impact on the environment.",3,yes,"I can judge whether a solution will work, and what it gains and costs.","Students will Assess the feasibility, benefits, and limitations of a solution aimed at reducing human impact on the environment.",ETS1-3.3,,open
4.4,Solutions for Sustainability,LS2-7,Priority,Department,,LS2-7.4,4,Use feedback and new evidence to improve a designed solution to mitigate human impacts.,4,yes,I can use feedback and new evidence to improve my solution.,Students will Use feedback and new evidence to improve a designed solution to mitigate human impacts.,,"The PE's refine verb, rated DOK 4 by the department. A CSA item on it is written at DOK 3.",open
4.4,Solutions for Sustainability,LS2-7,Priority,Department,,LS2-7.5,5,Effectively communicate and defend a designed solution using scientific evidence and reasoning.,4,,I can present and defend my solution with evidence.,Students will Effectively communicate and defend a designed solution using scientific evidence and reasoning.,,"Not a PE verb, and DOK 4. Instructional; CSA items stop at DOK 3.",open
4.4,Solutions for Sustainability,ESS3-6,Supporting,GATE,LS2-7.1,ESS3-6.1,1,"Name Earth's systems (hydrosphere, atmosphere, cryosphere, geosphere, biosphere), with the cryosphere as the frozen part of the hydrosphere, and one way each connects to another.",1,,"I can name Earth's systems, including the frozen cryosphere, and one link between two of them.",,LS2-5.1,,open
4.4,Solutions for Sustainability,ESS3-6,Supporting,GATE,LS2-7.1,ESS3-6.2,2,"Read the published output of a computational model, such as a graph or map, that shows how a human activity changes one Earth system.",2,,I can read a computer model's graph or map of how people change an Earth system.,,,,open
4.4,Solutions for Sustainability,ESS3-6,Supporting,GATE,LS2-7.1,ESS3-6.3,3,Use a computational representation to illustrate the relationships among Earth systems and how those relationships are being modified due to human activity.,2,yes,I can use a computer model's results to show how human activity changes links among Earth's systems.,,"LS2-5.5, ESS3-5.3",,open
4.4,Solutions for Sustainability,ESS3-4,Supporting,GATE,LS2-7.3,ESS3-4.1,1,"Describe data on a human impact, such as pollutant amounts, change in biomass and species diversity, or area of land converted.",1,,I can describe data that measures a human impact on a natural system.,,,,open
4.4,Solutions for Sustainability,ESS3-4,Supporting,GATE,LS2-7.3,ESS3-4.2,2,"Compare how well technological solutions, from local to large-scale, change that data.",2,,I can compare how much different technologies reduce that impact.,,,,open
4.4,Solutions for Sustainability,ESS3-4,Supporting,GATE,LS2-7.3,ESS3-4.3,3,Evaluate or refine a technological solution that reduces impacts of human activities on natural systems.,3,yes,I can judge or improve a technology that reduces a human impact on nature.,,,,open
